id,listPrice
RE_015637,568822.023262
RE_005176,278717.798731
RE_013544,618330.332417
RE_016667,531270.617908
RE_011479,1435478.615650
RE_009732,7922240.603123
RE_007693,488898.656087
RE_002473,502179.600773
RE_016616,422959.820474
RE_004627,814959.389388
RE_015002,1771253.685099
RE_012041,322687.294843
RE_000529,379370.028192
RE_016850,271348.410124
RE_004858,3236772.347276
RE_000076,336626.262734
RE_007065,5660245.112135
RE_001527,1298276.987996
RE_012351,303593.925409
RE_002111,258495.322158
RE_004003,450327.156896
RE_001573,356477.756366
RE_009818,711484.950033
RE_002028,566337.935978
RE_006111,220678.908102
RE_004414,162233.425707
RE_010742,494608.176323
RE_011542,340467.625429
RE_010098,347944.198324
RE_005411,657335.705305
RE_003533,703529.370748
RE_014369,947619.981269
RE_004492,518249.192301
RE_002708,732109.679039
RE_003059,456356.659664
RE_018286,610118.117996
RE_007838,412506.985695
RE_009152,341965.001655
RE_011388,345835.944163
RE_002086,918785.419278
RE_002264,583603.620815
RE_010562,235587.522282
RE_005981,727295.622883
RE_014248,405289.185355
RE_016378,836492.540884
RE_014357,1134171.474099
RE_005169,150929.078088
RE_007401,230452.219733
RE_006851,800370.147474
RE_017367,283771.988742
RE_003501,141264.324388
RE_008593,122666.248966
RE_007933,456011.194597
RE_002811,906079.898832
RE_007477,5011743.998773
RE_013385,642115.711514
RE_016675,351339.092305
RE_011471,621695.292181
RE_016363,372557.670751
RE_016534,266056.538877
RE_009273,1121092.751816
RE_001984,517499.044420
RE_006652,265687.813133
RE_010788,459779.175955
RE_004021,401267.861670
RE_013277,290343.607583
RE_014072,253199.999419
RE_000838,144721.271344
RE_009824,1429784.706271
RE_016985,1686257.735218
RE_003836,426647.563478
RE_001877,457219.457034
RE_005294,283906.819717
RE_010181,609653.858748
RE_017487,412309.798326
RE_017931,292040.766630
RE_004267,183040.995291
RE_000996,681890.018320
RE_015249,352024.068905
RE_000537,244342.993871
RE_009660,337887.263194
RE_013074,504552.572490
RE_006266,2046641.754918
RE_012669,498333.245346
RE_006856,402873.840735
RE_009300,285887.928780
RE_015608,1535900.172915
RE_014390,666211.350001
RE_006187,499471.519809
RE_015743,162532.540084
RE_014170,433811.833477
RE_011495,908820.117461
RE_012087,2118610.839582
RE_013353,348549.856682
RE_012217,209736.937732
RE_014522,463805.534780
RE_007990,496628.938202
RE_012516,482064.861085
RE_015990,3326330.036986
RE_007578,224446.052547
RE_016143,347027.594225
RE_009945,193828.326581
RE_013988,585446.912051
RE_016993,194960.984533
RE_002447,427624.651485
RE_001366,905545.947933
RE_003889,881959.496902
RE_016161,372286.191544
RE_011740,709683.162165
RE_015773,371470.293216
RE_013609,392114.456320
RE_014127,409715.355239
RE_014322,2300206.562384
RE_015088,956242.736413
RE_010578,1301409.889815
RE_013127,1509908.685632
RE_002189,213701.978124
RE_014506,533468.591021
RE_009468,695704.510575
RE_018055,326006.048595
RE_013711,195092.671259
RE_010537,301537.347656
RE_010500,1155799.690208
RE_008310,1144369.839979
RE_011212,441871.452827
RE_006136,718492.034556
RE_008163,506211.760931
RE_010217,227287.177030
RE_005396,699242.049153
RE_003220,413858.366790
RE_009502,532655.765477
RE_007010,253293.646911
RE_017227,490897.473004
RE_005661,561650.799855
RE_006741,751276.805682
RE_006253,429602.796018
RE_016406,534428.437310
RE_011464,606142.630417
RE_012130,505250.279878
RE_009956,436728.387274
RE_011206,6047032.595937
RE_006523,643465.391949
RE_016415,276988.310245
RE_005101,320804.647340
RE_011096,346800.990036
RE_016583,315194.284704
RE_003370,469966.905907
RE_005546,351687.824001
RE_004098,913367.913449
RE_004346,556695.375351
RE_010570,403456.137299
RE_001708,188362.049181
RE_000930,482001.759391
RE_006070,493185.319064
RE_007327,681340.569663
RE_000642,1433693.539947
RE_007738,506124.066550
RE_014970,649694.342258
RE_012709,451064.716357
RE_016273,3631788.898934
RE_011653,631221.441447
RE_013248,1545019.938243
RE_012821,547312.149709
RE_001981,809044.871967
RE_001019,638717.220112
RE_000451,188461.332327
RE_009929,892167.573175
RE_017652,662885.600625
RE_015667,507510.014082
RE_005770,162640.285999
RE_014562,464674.331261
RE_000127,576243.580134
RE_005034,524274.657065
RE_017976,408358.196806
RE_000570,905373.061624
RE_011776,369685.393014
RE_017979,2379127.715617
RE_001010,2240554.865811
RE_012311,796632.055727
RE_005619,790791.055231
RE_010062,161264.843503
RE_003721,373814.493762
RE_016349,411556.639748
RE_015028,2977689.978812
RE_000465,1692717.475236
RE_015220,648063.077981
RE_011037,375599.194825
RE_005526,446992.923167
RE_006711,503424.049365
RE_002650,677058.658634
RE_008469,252491.798623
RE_014419,377305.398330
RE_011323,853702.000231
RE_016876,503974.687928
RE_007956,657237.535622
RE_009126,470323.324255
RE_012997,471952.043108
RE_008649,424535.886865
RE_015069,150500.835074
RE_000607,466721.901675
RE_003241,413262.120575
RE_013349,319823.610270
RE_000680,422850.168134
RE_002178,294166.821006
RE_003098,462975.000303
RE_003286,292287.084820
RE_005640,237994.984750
RE_003149,501008.515094
RE_001392,357827.569187
RE_010509,628373.794697
RE_003458,2704584.536601
RE_009711,528426.175640
RE_000014,462420.460531
RE_016956,379337.757169
RE_009054,409909.362344
RE_017518,305529.615564
RE_012731,238186.814392
RE_003396,329511.610770
RE_005735,316130.235904
RE_015511,840655.584760
RE_007860,357486.938953
RE_003713,342229.699016
RE_003017,527038.915184
RE_017689,430191.704690
RE_015510,727286.117158
RE_011077,486689.316230
RE_001394,406785.846912
RE_013313,446521.673837
RE_001997,329113.721430
RE_007788,505652.400978
RE_002243,2006201.300691
RE_013903,726017.980066
RE_011581,371445.041120
RE_007299,569272.207404
RE_005923,180462.657222
RE_014153,1051139.062726
RE_005649,1120820.122970
RE_005989,593153.605798
RE_006940,634122.405626
RE_002054,509644.655591
RE_007282,412855.042896
RE_000676,351332.473831
RE_006608,876030.522414
RE_008001,535736.035922
RE_009671,541846.104108
RE_013201,1495702.589329
RE_001474,800902.271578
RE_002273,244972.151178
RE_005389,1830522.523288
RE_008738,341976.985839
RE_002062,255567.020839
RE_015495,377103.042736
RE_016764,223037.520174
RE_003739,622233.639276
RE_003759,643438.301738
RE_006320,655102.671975
RE_005102,869446.305025
RE_003673,2012578.008326
RE_005840,191420.481638
RE_016262,5634620.504474
RE_010878,744112.555582
RE_012833,650248.202327
RE_015147,373329.794499
RE_015177,236970.057647
RE_013712,667042.198313
RE_000950,705082.950260
RE_003619,445673.587197
RE_003465,297158.800039
RE_006391,1153983.846830
RE_007913,651899.693406
RE_002451,449470.152111
RE_017612,293678.099905
RE_016208,381352.043853
RE_013214,398286.444200
RE_001496,361093.264054
RE_005470,695360.658137
RE_001185,2831214.181766
RE_012068,466417.473448
RE_001108,413294.348551
RE_012076,315848.955345
RE_012896,626671.824637
RE_001648,290236.806876
RE_008116,294475.897340
RE_001517,392647.041794
RE_006045,151772.118548
RE_016731,229823.996029
RE_011408,416394.096558
RE_008605,1640161.309843
RE_011376,1711428.802889
RE_008150,364736.105672
RE_002168,744135.661186
RE_010990,288098.183492
RE_002733,1005979.914181
RE_013416,240057.734888
RE_011406,221096.979847
RE_008843,297631.497213
RE_005220,686884.465361
RE_000139,211290.934483
RE_016486,292981.513572
RE_012277,289798.706896
RE_017471,489011.401437
RE_013892,906031.023756
RE_010863,386006.612511
RE_007175,321283.859333
RE_005200,592269.893386
RE_017141,880017.085948
RE_003400,902566.398070
RE_001257,839101.333532
RE_008718,913389.933754
RE_000802,1110314.573775
RE_004080,497895.297668
RE_006736,514636.360431
RE_018047,169482.817120
RE_002827,600661.504815
RE_015148,568600.061834
RE_012355,231115.531631
RE_003797,2716696.294062
RE_006696,356265.218551
RE_014818,500221.384822
RE_006720,407875.079417
RE_009704,283997.635296
RE_005559,426002.134039
RE_008734,446320.101591
RE_015862,448315.097564
RE_002847,916171.422123
RE_007258,435848.763483
RE_013234,2498142.218057
RE_003397,212360.587123
RE_000336,1028983.858332
RE_013279,163546.317914
RE_015490,692909.666084
RE_013488,1455090.536617
RE_017355,136788.685280
RE_006361,498494.937407
RE_002907,360416.071911
RE_011384,677817.780258
RE_009108,441900.631433
RE_007970,422314.875469
RE_014873,552347.887611
RE_002112,911874.070429
RE_010107,400934.018405
RE_007494,459002.838571
RE_003568,498285.483273
RE_008490,354623.426706
RE_006925,488383.017600
RE_008344,238522.142962
RE_001339,310420.809344
RE_003453,343730.864607
RE_007013,673021.142980
RE_001789,646396.967273
RE_002442,754855.182439
RE_000261,736955.600145
RE_006094,224666.599922
RE_014486,372399.779300
RE_015998,446857.003482
RE_001968,712530.322543
RE_006382,326306.550981
RE_013616,307300.827819
RE_000760,257820.390756
RE_018235,372989.297818
RE_012631,958818.712368
RE_017346,334633.750922
RE_015219,476074.370192
RE_007142,461798.627484
RE_001720,766765.862260
RE_014951,568491.152447
RE_014877,1236226.803002
RE_010189,1134974.439583
RE_000222,215352.359266
RE_005259,313692.959646
RE_008115,673327.207498
RE_001523,820451.593113
RE_017203,820802.934117
RE_002941,597305.461506
RE_014583,893698.252748
RE_003252,1135854.555843
RE_016298,629756.479334
RE_005633,433587.657277
RE_015362,197857.105916
RE_016970,274100.136662
RE_011354,379681.988713
RE_018138,1302085.855751
RE_011882,320559.219896
RE_012350,448572.268288
RE_004495,335126.497243
RE_013871,286298.556418
RE_017264,337958.263471
RE_018008,1993329.283684
RE_005336,437916.223971
RE_012337,3516676.516883
RE_017766,5534522.571078
RE_011229,1271198.905629
RE_014897,433590.966996
RE_015769,566691.298764
RE_005605,594971.012023
RE_006811,812180.426168
RE_017390,624588.007779
RE_004805,857761.672129
RE_010828,261439.709125
RE_010669,1831332.299879
RE_014331,473184.912956
RE_008969,693980.107065
RE_004716,605324.363975
RE_011459,440416.037060
RE_006908,393981.471554
RE_005097,342166.935655
RE_008136,2025680.054931
RE_018191,277868.321956
RE_007392,277094.045312
RE_001711,119172.147896
RE_012175,1417778.236690
RE_008751,1054845.397857
RE_013335,921053.190600
RE_005113,485139.828428
RE_002002,619124.368667
RE_013318,254763.411667
RE_002089,248864.864264
RE_010475,485435.120869
RE_010768,734930.413490
RE_001529,303848.951635
RE_009543,427385.073375
RE_016849,2689408.651253
RE_017151,6111517.689367
RE_017458,550999.270438
RE_017312,472365.076889
RE_010984,537812.170618
RE_009178,513487.129711
RE_018152,1236286.442586
RE_003631,282976.492006
RE_016227,598675.991797
RE_017796,322402.501126
RE_002227,307566.687306
RE_016252,557561.772018
RE_003205,378879.702673
RE_012128,162128.315412
RE_015125,4305552.306807
RE_017189,535369.279972
RE_013137,366950.236817
RE_016279,552940.036079
RE_006786,855909.079822
RE_017637,383935.677441
RE_001795,449293.427481
RE_015214,435846.777464
RE_016306,476664.415298
RE_017634,374275.986590
RE_001290,225423.593866
RE_006745,1484732.720081
RE_003339,411106.323708
RE_008543,1008447.350776
RE_018003,671121.165004
RE_012800,561705.951274
RE_006693,246273.977630
RE_009360,477103.794180
RE_002627,547118.567469
RE_007740,323632.638787
RE_010149,1574767.328282
RE_015007,301152.866775
RE_003188,269891.966593
RE_008404,757811.942742
RE_007125,346983.738490
RE_011556,763968.326840
RE_018282,496878.129916
RE_012049,398984.240468
RE_013868,557503.878006
RE_010866,838953.697899
RE_017030,584908.641572
RE_001932,224445.201576
RE_003994,312737.285698
RE_016395,1255948.832725
RE_012985,327428.803189
RE_006724,527097.787744
RE_013238,399890.479307
RE_004980,213575.526299
RE_014930,1913906.626693
RE_015531,302837.252342
RE_004481,237564.509070
RE_013436,244455.501775
RE_002533,299165.683378
RE_017579,438273.191447
RE_013826,1303691.498720
RE_006392,269158.073906
RE_003402,638155.953216
RE_017654,440919.262051
RE_015586,502755.412762
RE_008787,560446.020391
RE_010105,509401.175135
RE_002385,389403.812999
RE_008237,331116.897935
RE_006746,484488.135706
RE_013200,542340.785688
RE_001482,359450.294151
RE_004498,665683.562599
RE_012803,660647.975200
RE_011431,611491.710145
RE_012079,1032795.232138
RE_005372,558824.580666
RE_004079,602234.340542
RE_006974,771886.261928
RE_002479,365016.763016
RE_003867,338707.774433
RE_000730,420134.584869
RE_002805,384388.953809
RE_009119,8398599.628151
RE_009441,371917.258667
RE_007245,412722.918578
RE_017467,847138.737704
RE_004692,550645.077477
RE_003081,1303212.930998
RE_016945,525898.333603
RE_010270,603375.780819
RE_002008,746378.471549
RE_013666,398507.577636
RE_010011,241612.308674
RE_015659,505042.460265
RE_011679,639151.010625
RE_005628,515246.313485
RE_009654,539325.883032
RE_009748,337059.038756
RE_017574,596954.829833
RE_006643,131889.933885
RE_003327,1169464.856620
RE_007035,594180.527158
RE_000464,330746.518533
RE_008877,5611422.509909
RE_011019,390475.883225
RE_011928,1013163.011620
RE_007141,235863.187454
RE_004510,728737.063644
RE_013042,1587353.403651
RE_016866,422110.008596
RE_006690,528632.186849
RE_002838,596196.998309
RE_013374,616380.421380
RE_009286,993162.811375
RE_017775,7192444.317749
RE_002133,411315.667496
RE_005081,420216.478331
RE_000578,526714.703733
RE_001597,542359.733935
RE_001105,1484740.019361
RE_003428,688565.911179
RE_007634,607235.592370
RE_010320,701854.811765
RE_016221,349635.611505
RE_017000,1020111.558641
RE_005303,139902.078423
RE_001822,715057.811336
RE_004105,476826.928661
RE_010950,318611.451979
RE_014646,890074.084893
RE_005851,257853.881826
RE_012054,421711.372467
RE_001150,185359.369812
RE_003907,2262208.841649
RE_008064,333730.455582
RE_003262,557716.172276
RE_014603,391633.971026
RE_009139,1079261.646465
RE_001516,2014288.864563
RE_001383,539921.575946
RE_018231,383297.758723
RE_000122,367202.644420
RE_010462,266071.912105
RE_017697,313162.861207
RE_010943,185966.556990
RE_004878,359932.434291
RE_001179,414707.736463
RE_002574,427934.757975
RE_010397,185135.321117
RE_010013,420752.199985
RE_017149,280933.922949
RE_002918,964310.244453
RE_006029,380642.019185
RE_013910,426850.334422
RE_007033,585578.977903
RE_012169,1064868.206086
RE_008967,372880.636413
RE_003229,357852.887760
RE_013293,1259813.276799
RE_016641,435501.964738
RE_011934,246626.000232
RE_017168,619515.758406
RE_017727,320548.856170
RE_008192,893010.316374
RE_004536,687848.925067
RE_007994,681474.811434
RE_013935,560179.583024
RE_012765,388304.024564
RE_011778,234819.903176
RE_006177,435491.629473
RE_010934,162247.315220
RE_016080,307448.884463
RE_001828,386370.104776
RE_009510,453191.155146
RE_016288,581874.100886
RE_007399,1906071.762139
RE_012171,286163.438638
RE_003399,457700.081453
RE_000318,239845.065878
RE_002370,303126.744943
RE_009133,367477.825638
RE_015770,585070.498971
RE_010004,262339.283800
RE_016585,962624.965742
RE_007342,1281268.711408
RE_010019,602637.521520
RE_001237,4122581.699965
RE_003738,232100.812299
RE_000213,423137.240563
RE_007183,549364.813735
RE_016604,704272.245609
RE_002739,809562.634311
RE_004751,332570.077659
RE_007882,443539.039411
RE_013765,760152.531486
RE_008731,458200.266591
RE_015051,2532543.479950
RE_011803,674488.167999
RE_007340,700572.298203
RE_010640,4182171.798689
RE_005629,474010.112280
RE_012700,253940.870295
RE_003499,699384.709162
RE_011355,382606.461159
RE_008809,304124.062708
RE_011468,658806.947070
RE_000151,362633.446287
RE_006306,481828.143156
RE_012443,207369.507153
RE_015995,422718.691201
RE_016712,392960.739693
RE_006582,872352.807934
RE_012178,430859.699971
RE_017779,1909860.058198
RE_007240,190518.271477
RE_014555,693072.163907
RE_015340,1097453.003762
RE_008331,539817.532148
RE_008617,402155.862991
RE_001569,352381.025428
RE_009938,349327.055272
RE_003272,518402.186506
RE_002744,1013619.362181
RE_018250,1794705.630906
RE_005249,543755.054757
RE_003515,653903.400987
RE_003276,2840068.067805
RE_012594,678593.949519
RE_002455,414710.564490
RE_014503,109594.227579
RE_015094,375993.048549
RE_016453,188040.237941
RE_012223,419398.629620
RE_007682,541867.582700
RE_000830,6431631.055612
RE_015195,428741.547830
RE_004344,129291.482653
RE_004068,519911.576603
RE_014920,205852.048877
RE_007214,613045.429251
RE_013926,135809.520417
RE_014198,931056.573236
RE_010507,277989.129645
RE_001468,312600.541652
RE_015546,219309.289229
RE_009651,598691.345015
RE_016754,729400.105169
RE_002367,4530319.450318
RE_017353,734104.562621
RE_006080,1209013.669190
RE_011578,418623.413528
RE_004076,613799.417190
RE_007417,1758493.127193
RE_002103,136582.198518
RE_009766,369098.969979
RE_018089,506476.196459
RE_012392,894251.038637
RE_005444,1952906.000180
RE_009004,693861.840913
RE_017600,280672.031901
RE_016397,600433.897074
RE_002749,578913.937533
RE_002006,197633.662056
RE_006341,2358634.051958
RE_000824,655407.470139
RE_001082,296524.391449
RE_003711,502761.679023
RE_009012,1341714.698790
RE_000387,563376.103003
RE_009066,193860.877298
RE_012263,1041442.420404
RE_004075,534818.154419
RE_005446,361976.712005
RE_005812,308068.997107
RE_013675,312006.720462
RE_000801,654014.844816
RE_005781,875566.923924
RE_010101,1042730.856089
RE_000765,199379.912335
RE_001930,386862.537794
RE_013388,274059.102592
RE_012046,392952.407232
RE_008596,2172227.375553
RE_000293,602595.108854
RE_011387,1036964.208333
RE_017276,5530942.520954
RE_014435,490723.912327
RE_005926,586731.129132
RE_007884,497210.433292
RE_007586,473616.423745
RE_001723,306021.970097
RE_014698,267204.188951
RE_007376,581619.051418
RE_004656,493889.983805
RE_015364,416765.585777
RE_005802,615742.180571
RE_009892,778179.078856
RE_007964,170306.439406
RE_012714,512651.773701
RE_006349,785550.513792
RE_003922,931918.368776
RE_003136,800135.057148
RE_000739,1326387.934255
RE_008573,259519.496772
RE_014337,475800.666842
RE_017785,622090.776933
RE_017073,929178.808150
RE_010256,620516.311257
RE_006592,299835.961091
RE_009769,289428.749805
RE_017395,198370.101424
RE_014915,763249.375026
RE_008732,661105.516154
RE_001473,505886.121089
RE_008581,439200.261958
RE_011108,690361.706985
RE_009078,2160751.847444
RE_007044,126786.526724
RE_006635,910393.856526
RE_003232,281041.948719
RE_007958,689418.531422
RE_011588,349360.322524
RE_001141,1745964.545926
RE_017881,319629.174701
RE_012632,436842.557060
RE_002484,307428.921831
RE_002688,1668420.672937
RE_004208,576133.937692
RE_018110,1146129.013867
RE_009993,1094154.730667
RE_001121,572947.033019
RE_002763,596808.655295
RE_010988,232940.323198
RE_004195,631548.767432
RE_012819,1103603.601964
RE_016528,140669.474997
RE_009276,1531822.229556
RE_006508,1134466.158727
RE_010112,412413.780435
RE_009166,967827.772761
RE_011615,1340697.448856
RE_014879,80607.608046
RE_010483,285443.718761
RE_006020,561002.454985
RE_006418,480335.935404
RE_004953,546060.484302
RE_017488,217452.431271
RE_001526,384455.479036
RE_018299,1415705.999685
RE_011569,588087.618602
RE_002000,517900.725620
RE_000422,1013408.644268
RE_016749,411001.901631
RE_016253,4728092.444494
RE_006327,2419686.255905
RE_013553,459332.492289
RE_013006,310712.224773
RE_012848,804184.177294
RE_004635,372772.459269
RE_000874,250743.891200
RE_004204,525345.294485
RE_010448,252709.408037
RE_017665,293809.636269
RE_007087,320601.619004
RE_001675,386465.067000
RE_009115,656231.548320
RE_000622,315322.584911
RE_001804,387721.732377
RE_013517,747760.911076
RE_004777,113863.657219
RE_003497,503441.417170
RE_008067,472186.871220
RE_016483,287999.134760
RE_008842,213732.178210
RE_005037,215050.013376
RE_001247,1099741.881930
RE_009348,355208.600199
RE_015699,197788.828380
RE_014701,301061.735228
RE_014841,563068.607196
RE_005531,268642.630883
RE_003369,2608176.927489
RE_002762,502721.817443
RE_001885,303435.153842
RE_011174,2919932.684882
RE_007292,779920.086682
RE_008699,275880.461664
RE_001462,313282.579147
RE_012858,386030.811575
RE_010145,2174191.675955
RE_001506,2390773.823835
RE_015365,604392.915497
RE_011680,623887.301096
RE_015322,351538.425868
RE_015551,437480.768932
RE_010520,609175.306723
RE_006300,327885.494992
RE_007963,489756.110816
RE_015610,718345.610860
RE_017295,582834.075573
RE_012784,617711.186836
RE_006002,309057.572071
RE_016741,1715058.038902
RE_011607,290820.562934
RE_011957,495110.268297
RE_005156,285467.149110
RE_004842,132937.031558
RE_014730,560950.646925
RE_015022,277461.073242
RE_009299,247741.885254
RE_016348,841022.600437
RE_015170,704503.282617
RE_013255,1440809.833430
RE_001892,608572.430367
RE_007714,711413.887665
RE_016105,1741196.114092
RE_007196,398880.526552
RE_006879,483212.592757
RE_011629,694158.161271
RE_013665,166058.155146
RE_007418,627613.387309
RE_016933,621427.571601
RE_008952,826158.979025
RE_017555,294795.688696
RE_008210,515654.210778
RE_011000,251305.179888
RE_004335,145781.334642
RE_010615,226248.369222
RE_013640,295557.012348
RE_015575,195316.869948
RE_011489,243357.372413
RE_002139,380736.214634
RE_000553,512808.643567
RE_013184,528564.340881
RE_004660,363868.325087
RE_013880,1219432.977358
RE_012386,464881.986561
RE_004413,271666.985128
RE_009976,288452.451283
RE_004666,708973.008778
RE_010139,223732.140248
RE_003695,172433.158888
RE_016656,370061.564099
RE_010465,320824.628470
RE_008086,486367.831540
RE_005301,592117.686319
RE_017076,559588.655064
RE_001000,271141.844471
RE_012000,446867.163861
RE_006201,521173.891602
RE_006389,727548.021636
RE_002742,548755.323368
RE_009062,730829.110949
RE_014126,365686.499857
RE_018170,414111.465782
RE_014361,378567.587832
RE_004532,413923.385020
RE_000543,846346.359106
RE_013662,149832.407975
RE_013751,189906.603313
RE_002618,623876.967595
RE_008334,195699.362740
RE_000339,643183.654033
RE_014570,1523726.371965
RE_000109,329213.979079
RE_011705,292182.325562
RE_015309,1007945.421332
RE_005750,442632.230229
RE_014259,954468.972918
RE_012621,549504.969690
RE_002651,226907.096228
RE_004831,424502.241428
RE_016932,471111.041001
RE_008091,4351126.378011
RE_004054,703882.208908
RE_007293,550943.704090
RE_009412,176633.227689
RE_012875,1847865.733839
RE_017085,116868.134125
RE_008229,264551.081793
RE_012960,1534130.623504
RE_001535,865024.366958
RE_017928,519146.566961
RE_009841,1105886.755286
RE_000049,266758.065814
RE_008857,1090705.663582
RE_001232,406598.310409
RE_009778,563638.246487
RE_002192,1326972.531011
RE_002697,495550.129746
RE_006154,418241.913575
RE_016352,960401.348974
RE_006470,644779.939835
RE_002042,190090.712934
RE_011600,530587.533399
RE_007567,165372.817062
RE_001202,535223.493341
RE_002502,400391.388729
RE_013283,1042448.969989
RE_005927,581470.231367
RE_008806,471559.188229
RE_003938,426594.936677
RE_013566,424757.520241
RE_006796,547099.442332
RE_017178,400699.916710
RE_011775,299018.114164
RE_000987,3752864.147506
RE_007278,257184.034442
RE_001836,591181.524716
RE_000634,304247.375217
RE_017590,809277.114127
RE_009491,7312129.601038
RE_007360,519798.093981
RE_014960,528514.954874
RE_001656,608021.055451
RE_011758,505712.666954
RE_000350,592700.319402
RE_017522,550178.199482
RE_015305,391609.608370
RE_006385,685207.714962
RE_012256,603563.466936
RE_002621,329769.142861
RE_011985,499930.792965
RE_008504,278178.870270
RE_000995,115971.214667
RE_006019,225564.297707
RE_006989,380233.971006
RE_011840,503764.134366
RE_011401,348443.910671
RE_016510,379884.337253
RE_011234,310681.141734
RE_008962,964142.263808
RE_010806,461468.270900
RE_003106,431141.897746
RE_012239,2292158.981008
RE_013276,628533.276516
RE_001976,601179.341108
RE_000292,1736584.584065
RE_006670,857172.883558
RE_016626,285275.409870
RE_013190,672124.330137
RE_001753,722936.228539
RE_007199,453973.120380
RE_017982,281151.334536
RE_010820,415501.424737
RE_006466,582022.843666
RE_013340,386534.726095
RE_002865,461265.561514
RE_000435,499754.216697
RE_007291,415252.175181
RE_006658,126129.436293
RE_013315,966372.986103
RE_016638,302635.743518
RE_014747,822169.179522
RE_012820,1221151.134677
RE_013727,877366.698450
RE_010440,670936.894495
RE_017174,157507.950560
RE_017962,827185.849909
RE_014380,363328.823154
RE_000904,952922.382857
RE_012466,627372.459539
RE_004298,599051.388388
RE_010525,251383.604841
RE_015780,339265.492328
RE_002881,910012.846157
RE_001765,357657.560601
RE_014138,677282.004245
RE_015841,400118.047355
RE_000992,341599.177416
RE_009820,476148.097461
RE_013615,266303.605440
RE_006492,438016.791253
RE_009588,407433.827901
RE_009561,498382.195478
RE_001487,364243.282237
RE_016032,314089.304161
RE_017973,1113422.114409
RE_016103,613757.289240
RE_013913,348828.741361
RE_011046,3568392.150248
RE_014559,555538.061967
RE_006707,374720.578514
RE_005796,406602.989309
RE_005751,373906.471112
RE_013401,626857.546395
RE_012232,424469.893719
RE_008807,350172.947274
RE_001131,393395.232643
RE_018116,5330959.274433
RE_014265,108389.938075
RE_013116,1175159.772567
RE_003250,450178.004317
RE_014481,756439.896424
RE_015311,648190.077811
RE_004329,410181.610152
RE_004588,570595.206907
RE_009026,637579.139879
RE_017535,464495.021953
RE_006706,1892878.608686
RE_014206,434791.910101
RE_005271,369291.297558
RE_015661,639537.706875
RE_007802,443188.318204
RE_005516,300573.052921
RE_000651,246222.894723
RE_006008,1791904.304083
RE_005815,2578007.570542
RE_010443,490659.047037
RE_008670,1467096.476914
RE_001670,449870.917494
RE_002730,274051.065553
RE_012987,2911827.424556
RE_007865,200149.724206
RE_008618,702149.731457
RE_012125,977252.531675
RE_013379,275181.224572
RE_006295,488351.201608
RE_015462,181567.002676
RE_004303,491767.314579
RE_004340,414864.263260
RE_004155,492240.064841
RE_014944,639284.080112
RE_006859,696642.034411
RE_006947,249347.111735
RE_009808,873644.351967
RE_009760,371660.380290
RE_014940,886789.632550
RE_016175,532208.046414
RE_018245,179098.873883
RE_013797,5810223.043325
RE_007343,770256.129369
RE_004531,479702.994760
RE_001415,232731.787664
RE_014215,154378.432272
RE_003326,522299.508184
RE_010196,543814.328791
RE_005086,404636.869121
RE_003785,540254.764035
RE_011203,585018.095871
RE_006957,548178.734395
RE_015482,215382.373878
RE_004873,387730.536954
RE_005677,1117890.264789
RE_013947,517117.314171
RE_010083,932461.908419
RE_009702,266257.552992
RE_014002,796204.931845
RE_005330,749294.729451
RE_012527,317528.724934
RE_015689,267682.173655
RE_005903,293562.163985
RE_006671,8043208.877301
RE_012103,1508111.565744
RE_001354,282254.915176
RE_016763,515106.722191
RE_014755,959363.598749
RE_007744,447208.018758
RE_018162,224520.047881
RE_017821,411885.327467
RE_006224,430460.217272
RE_001041,977340.801858
RE_017408,614596.302341
RE_017995,292586.639137
RE_011169,895634.245611
RE_007272,356986.131243
RE_011951,406023.198423
RE_001989,468887.310519
RE_014857,601254.581555
RE_005331,421423.781920
RE_005848,290876.983227
RE_014817,5155682.902999
RE_004058,153555.053725
RE_001198,879533.769221
RE_012681,367566.149597
RE_001305,640730.797894
RE_009508,283452.882540
RE_004977,697751.058962
RE_004721,305462.102871
RE_016996,235288.633143
RE_008619,364061.908542
RE_004109,987736.348233
RE_009061,153354.660434
RE_013709,302144.722455
RE_003773,242185.358091
RE_002679,376122.748584
RE_014753,503872.444346
RE_013355,750986.455060
RE_000701,658365.170196
RE_003925,289563.080295
RE_013646,579469.391763
RE_016622,177737.069331
RE_004426,327208.214388
RE_001677,334635.117144
RE_014398,780892.473286
RE_003505,431432.265797
RE_008413,554898.333799
RE_000745,988674.017477
RE_012145,1059824.887024
RE_010931,312923.715214
RE_012237,2338419.022830
RE_004652,226636.928610
RE_017314,460984.480037
RE_002709,523952.861641
RE_012471,259557.578802
RE_009218,531655.363887
RE_010921,431735.415625
RE_002180,1027093.846424
RE_009220,389078.646767
RE_000432,790559.226749
RE_017134,366324.444315
RE_015426,146177.425586
RE_005344,1018642.851422
RE_010255,827977.296267
RE_004484,572439.078031
RE_012181,400068.065565
RE_012961,237503.594887
RE_012473,1916918.416467
RE_002253,536049.198860
RE_015986,358922.582408
RE_012361,928086.257348
RE_007297,804634.189606
RE_005401,155495.119592
RE_012005,417918.759692
RE_000062,424884.179401
RE_011073,388900.607480
RE_007976,509844.614183
RE_005522,214255.464851
RE_000402,598774.319837
RE_010748,414776.152528
RE_009453,347987.962165
RE_014344,402245.433017
RE_000627,361412.706430
RE_000556,270377.859632
RE_017990,401789.247862
RE_003444,247867.030408
RE_005456,525486.945626
RE_007747,1581369.142184
RE_005763,237205.846410
RE_015100,538563.118127
RE_008367,376856.563164
RE_008804,373088.073226
RE_016002,353744.435524
RE_013539,490183.665825
RE_013785,579026.811583
RE_005462,1115423.563561
RE_011009,370024.953244
RE_009895,293897.713380
RE_002996,300722.774178
RE_007581,578293.263148
RE_010282,3887311.093831
RE_004678,1122553.915572
RE_014335,377758.135437
RE_005241,530921.442687
RE_013515,318986.715139
RE_009858,406459.993436
RE_012052,287437.158435
RE_007252,636266.407185
RE_011716,395363.281258
RE_012341,1587043.100218
RE_011074,426645.350803
RE_007255,353629.632086
RE_006375,385210.197254
RE_015129,503492.411133
RE_002486,398371.463246
RE_013650,438839.452224
RE_015549,1817864.102919
RE_000903,341464.796866
RE_004895,350326.465882
RE_004653,396088.383943
RE_013162,389355.656007
RE_003305,7490882.601264
RE_011397,426800.925370
RE_002258,479427.254782
RE_017262,564670.248471
RE_011005,531976.449048
RE_016799,233043.639156
RE_012487,339805.866682
RE_015303,827448.795851
RE_008698,334214.034473
RE_011010,734397.028767
RE_002166,384250.874268
RE_011621,1145122.141865
RE_007879,252908.111373
RE_009422,427563.681844
RE_003329,303065.399775
RE_009058,1067430.252629
RE_006556,550541.125496
RE_003386,844797.359514
RE_014851,678016.055023
RE_004499,581604.021690
RE_010985,493903.198607
RE_012182,377992.759813
RE_009816,633321.056786
RE_014235,309126.112346
RE_008576,572771.263010
RE_004792,515858.630448
RE_005579,477209.960767
RE_017330,547113.355137
RE_017387,416525.385413
RE_006678,692474.283198
RE_005195,786111.255827
RE_009567,522457.271255
RE_004025,754269.978727
RE_016107,2098544.034046
RE_010800,303627.556207
RE_002556,719237.048200
RE_004586,1022961.351555
RE_007474,195124.178562
RE_000564,440605.875802
RE_013924,909912.814211
RE_011249,3980313.616150
RE_008640,407766.029869
RE_008764,516761.405031
RE_015161,2200452.566363
RE_016257,384318.583398
RE_015087,434529.190910
RE_012333,1758597.538629
RE_001883,595674.294057
RE_008143,854274.772012
RE_003764,336709.987302
RE_009994,423097.124816
RE_000923,472763.747779
RE_013613,174659.143745
RE_000533,567253.650347
RE_005757,117116.075630
RE_004359,321048.510780
RE_016185,753800.886464
RE_000708,518235.132012
RE_007358,302844.376799
RE_009183,459654.281656
RE_010170,482031.522681
RE_017452,423948.576891
RE_005497,218394.856012
RE_010214,2027488.859167
RE_001402,355153.922230
RE_016248,756571.997835
RE_005833,746617.677555
RE_016062,501029.036876
RE_004071,1086120.520590
RE_013065,470889.828762
RE_009664,592070.702819
RE_000935,382356.142979
RE_015324,370444.618376
RE_013720,929883.721016
RE_002320,1090006.542239
RE_016480,701607.178779
RE_009687,468308.077940
RE_008884,234794.328528
RE_001169,333614.456644
RE_003777,659884.130947
RE_003725,628205.661669
RE_005204,127102.725928
RE_008629,526805.882815
RE_007160,447925.498385
RE_000793,179602.725407
RE_013843,352138.170888
RE_001702,499159.605547
RE_011141,1057387.862963
RE_000437,1309885.161975
RE_009890,335200.008466
RE_000559,357397.634493
RE_015334,278987.720426
RE_001801,370547.814040
RE_004743,2476992.839051
RE_000973,509532.516022
RE_010420,1295511.434609
RE_012192,895516.136649
RE_009224,648795.915943
RE_015190,272454.571485
RE_009369,336264.981452
RE_004386,802217.715460
RE_002288,512980.396600
RE_013706,476201.249757
RE_004911,710940.048750
RE_013977,576491.672345
RE_000463,233731.004918
RE_012153,581889.500020
RE_004172,1173005.111604
RE_015108,173719.284008
RE_015839,409299.675154
RE_017451,945221.425225
RE_015918,200189.155380
RE_014239,394454.040000
RE_016870,103406.904693
RE_010727,319450.573698
RE_005174,509172.630123
RE_004091,428881.835978
RE_010706,565800.571062
RE_003899,818034.293973
RE_017148,838770.911619
RE_014866,646472.169861
RE_013258,619105.715343
RE_008600,3923121.510935
RE_017251,192357.975217
RE_004259,292213.580527
RE_015044,427749.577246
RE_017108,483105.720749
RE_001324,841957.474391
RE_015638,399815.995607
RE_012019,292849.762721
RE_006426,433303.537230
RE_015335,738871.825455
RE_005783,554112.839082
RE_015202,475834.922640
RE_014906,523734.403446
RE_007112,578092.575840
RE_012766,1318624.554541
RE_014250,699088.787561
RE_000817,317922.406703
RE_009963,613944.366895
RE_003644,368745.703287
RE_000560,249005.285682
RE_009705,176736.215602
RE_012044,1870494.151077
RE_017068,656005.989706
RE_016988,330852.479327
RE_008436,801138.216948
RE_013540,351029.867644
RE_014700,274936.295852
RE_013392,511637.260378
RE_001225,249613.965131
RE_016693,904410.256964
RE_008455,290174.256546
RE_011737,352921.523172
RE_009367,599370.034524
RE_006175,732381.554260
RE_007830,343999.778490
RE_004177,159694.822632
RE_003982,529904.345744
RE_014797,279546.612119
RE_018244,496778.323142
RE_000911,346811.910230
RE_017703,404028.486952
RE_016817,567998.377180
RE_013464,361361.430982
RE_015003,338008.013734
RE_000734,330165.215661
RE_004341,408300.464631
RE_009884,643885.114133
RE_005533,175301.007689
RE_005816,287341.878161
RE_006979,263493.029571
RE_007162,340407.614000
RE_017742,573826.916932
RE_015703,557859.067384
RE_011681,975315.229747
RE_014382,429929.385695
RE_015952,756108.505243
RE_007296,868820.172937
RE_014996,577849.060696
RE_016507,255673.396317
RE_013830,2217343.106955
RE_015466,584913.849570
RE_005009,618292.236511
RE_017638,930292.316835
RE_002546,351105.167052
RE_013780,616531.027052
RE_006552,808472.241701
RE_017668,198548.075564
RE_010396,441629.236608
RE_001373,409730.209495
RE_012063,1215314.467759
RE_016319,596632.071253
RE_015314,759032.536258
RE_013542,285768.124501
RE_013183,5230876.111531
RE_003022,435557.671458
RE_014273,165719.976921
RE_014513,563471.430279
RE_011502,517378.420236
RE_005754,149162.219426
RE_010186,368749.532263
RE_011831,2255775.626536
RE_006040,284096.363469
RE_006409,477091.407050
RE_003356,278898.740515
RE_017048,1396611.101422
RE_017354,381966.958509
RE_014168,506507.611681
RE_012018,172718.370631
RE_014613,562895.559350
RE_015019,680242.413905
RE_006018,937605.595733
RE_011493,396552.105711
RE_014112,2909927.947363
RE_002848,858794.551920
RE_013263,128513.970640
RE_008104,393111.403428
RE_008972,1566600.687564
RE_017334,610116.050506
RE_014884,676558.006921
RE_000943,421093.735988
RE_000140,903623.349700
RE_004936,432188.976381
RE_010839,669176.653474
RE_004537,844536.184904
RE_015106,424349.138643
RE_011150,1153153.236552
RE_012152,1192520.955661
RE_002782,1133926.693024
RE_008571,838546.805269
RE_012047,509453.663919
RE_016745,361916.160867
RE_015126,864766.825468
RE_008307,460863.537878
RE_002513,533660.231649
RE_015034,529184.779884
RE_009714,236088.559473
RE_015628,253093.986983
RE_003068,464533.783062
RE_008293,266335.816727
RE_007984,286062.906277
RE_012364,421588.685850
RE_000454,526494.211816
RE_008865,835184.392018
RE_001192,346587.015141
RE_015962,6779898.493258
RE_003772,557714.816161
RE_001758,141404.063331
RE_002409,457262.426640
RE_000886,316693.505030
RE_011261,5142636.648500
RE_006870,438879.103347
RE_013819,551538.995118
RE_003038,199074.017293
RE_015973,602998.449448
RE_003598,391286.278742
RE_006871,453071.479846
RE_004866,951307.129977
RE_006783,685144.017806
RE_003620,943178.470211
RE_012261,310341.782469
RE_009057,992193.742192
RE_010439,675843.019616
RE_007388,368026.068325
RE_001614,942648.353870
RE_008941,316089.904506
RE_004847,145552.843538
RE_016275,593347.756471
RE_009067,446048.023709
RE_002770,443488.773381
RE_016091,2542011.900301
RE_006344,596522.956721
RE_011213,1908859.172959
RE_014896,454872.923968
RE_004478,646638.910116
RE_000757,269051.353752
RE_008515,827857.884819
RE_010693,402608.917901
RE_016971,522233.712833
RE_013311,281044.401367
RE_000861,957591.260744
RE_003558,278301.562268
RE_012025,1061284.255744
RE_000130,382976.035459
RE_001601,465474.017955
RE_001301,208390.385849
RE_000092,791550.782216
RE_010205,450604.272286
RE_000877,1286028.983856
RE_009315,390212.953961
RE_007011,545525.511641
RE_012629,178790.551887
RE_015662,387375.541039
RE_009799,734979.846829
RE_017248,336375.374061
RE_005254,529954.043621
RE_009888,285177.238140
RE_014094,364198.262275
RE_010958,1131373.013335
RE_001241,3127523.249349
RE_008914,415509.544978
RE_000893,1576413.587835
RE_012460,1365764.949299
RE_018053,322533.381788
RE_007960,340940.713094
RE_001599,632906.249850
RE_001088,403987.517166
RE_004509,379848.385518
RE_005173,423961.056085
RE_004435,1601472.345032
RE_012167,480823.281387
RE_011398,567588.352969
RE_001699,441938.138186
RE_001811,287679.261008
RE_001423,609841.512711
RE_013875,2123705.146102
RE_008362,603748.881057
RE_016249,293920.488621
RE_006666,425356.937577
RE_009520,1075673.953749
RE_015284,193460.176531
RE_008989,1271096.649572
RE_006130,437619.835217
RE_000035,281533.529983
RE_011087,365902.724506
RE_014134,1199051.690048
RE_011350,917700.683714
RE_013825,292320.324258
RE_000499,237320.720677
RE_003818,351112.889188
RE_005137,249796.138876
RE_006364,748932.061601
RE_016911,337766.728501
RE_010494,395915.615055
RE_000972,284913.653604
RE_016748,641858.569123
RE_005949,2287531.847167
RE_004582,500354.825775
RE_017269,381710.856570
RE_006803,631224.730445
RE_000541,663179.406334
RE_007403,4316007.970235
RE_016614,578765.686979
RE_003741,383598.263595
RE_012661,1087682.940527
RE_002185,961565.501812
RE_005948,444301.835971
RE_017481,534438.472726
RE_006220,357344.682216
RE_007949,560294.260800
RE_000656,704173.640598
RE_014748,308052.325606
RE_015859,389106.699074
RE_002346,108578.089864
RE_013852,440839.886972
RE_002662,180910.122137
RE_014342,7552284.215379
RE_008953,410498.701967
RE_018119,170385.172638
RE_012077,1159218.107155
RE_006448,414398.684947
RE_000635,437706.284054
RE_005909,2551797.915528
RE_011842,412927.464047
RE_005465,350369.332827
RE_001375,425725.697053
RE_016810,654838.268795
RE_007615,348942.805760
RE_012222,544476.380831
RE_003040,2705904.078691
RE_001906,836131.620136
RE_016819,128487.319301
RE_003338,487658.704456
RE_008078,581121.858000
RE_002439,730328.075354
RE_005460,611020.270812
RE_006619,513305.370757
RE_000872,623922.716365
RE_013457,217979.571329
RE_003256,405465.078121
RE_016943,806204.950477
RE_015389,196674.813886
RE_016596,430814.619423
RE_009845,852018.968651
RE_008205,147629.735774
RE_012967,190424.057710
RE_013801,571801.176426
RE_003085,249350.143049
RE_003649,562568.696149
RE_004592,411775.873301
RE_014891,365174.066317
RE_016657,359789.454306
RE_012783,1383656.424517
RE_013750,673000.855913
RE_007735,2194240.511187
RE_016203,512028.288226
RE_003379,555456.430887
RE_004179,288456.201436
RE_012558,556981.176166
RE_011687,383699.187392
RE_016034,1404191.617752
RE_010755,554973.726477
RE_013949,405703.299754
RE_000828,2126439.028234
RE_010906,686269.716315
RE_013480,470855.890884
RE_012388,259829.527055
RE_004132,498117.533954
RE_012310,705986.104280
RE_003744,370605.076561
RE_001807,4012833.228009
RE_002172,680732.294378
RE_012589,796891.657754
RE_010589,868946.241884
RE_004264,426730.906518
RE_016664,396314.555904
RE_001235,2124098.383044
RE_009592,255564.233337
RE_013271,503112.390309
RE_002323,470306.297102
RE_004795,1559755.624830
RE_014396,478055.209299
RE_000955,586095.854733
RE_003912,607622.056225
RE_001314,355123.980665
RE_012521,299028.222277
RE_007875,411460.895417
RE_007374,470949.241319
RE_010897,2066339.678288
RE_014939,157817.645045
RE_005501,428648.245276
RE_001345,179610.386842
RE_007454,367384.785528
RE_004276,459500.979753
RE_012942,402808.607192
RE_008926,2013323.495585
RE_015175,247883.198672
RE_008031,453409.438832
RE_015297,296427.013348
RE_009291,883969.278510
RE_001778,601577.132927
RE_007863,389101.307421
RE_014449,393377.634592
RE_012922,327794.232873
RE_012136,651216.215630
RE_006160,1484707.272376
RE_000577,1151388.881041
RE_005974,436782.276522
RE_002607,5365677.394508
RE_006055,381482.444534
RE_013393,171658.114572
RE_003341,382535.070463
RE_014466,621678.606534
RE_007294,4189430.475094
RE_018104,361707.848167
RE_001963,651205.879330
RE_011918,456551.370297
RE_007839,616591.749020
RE_006824,512752.486651
RE_009125,542819.603931
RE_013757,1878213.483685
RE_006997,4205010.385802
RE_001499,351902.705918
RE_009427,388990.622897
RE_015734,698314.416650
RE_006417,309989.291323
RE_004940,481354.254639
RE_004662,414660.186511
RE_016992,2697886.933929
RE_004625,305933.020614
RE_017340,502734.723544
RE_003284,310596.491512
RE_002395,333141.147523
RE_007513,536887.055508
RE_009280,257495.144537
RE_010266,846973.505562
RE_009666,469508.570722
RE_003233,5690514.748431
RE_008879,626087.347361
RE_001170,453864.919340
RE_015409,460879.546622
RE_011665,235300.269164
RE_015883,286083.837548
RE_009039,336247.373955
RE_009258,668766.519270
RE_014427,443547.574671
RE_017101,90423.625930
RE_000648,1320725.184550
RE_012270,356772.456599
RE_002740,235435.089363
RE_007253,476902.842135
RE_011248,2738173.690846
RE_003007,1194667.468669
RE_001843,358195.804881
RE_007441,353344.632095
RE_016509,349482.375431
RE_011193,232231.271380
RE_017713,593003.245996
RE_001939,773597.578378
RE_016476,470806.034462
RE_003769,417149.444031
RE_001583,324378.277055
RE_014595,951844.358948
RE_007639,297709.629269
RE_015949,548658.982823
RE_017468,1777993.127711
RE_014719,465199.130859
RE_018065,3648816.121179
RE_003377,875983.193747
RE_011824,786667.616355
RE_005987,2030288.670217
RE_002736,427299.237300
RE_010242,1271431.844689
RE_015068,261950.533861
RE_012137,809657.934238
RE_002673,697981.769467
RE_007743,487900.867945
RE_003894,709204.812386
RE_005622,722557.533396
RE_017961,1288627.380010
RE_012075,2215580.198848
RE_012298,1665693.158923
RE_015394,625289.493638
RE_015443,463584.836367
RE_016501,269945.671424
RE_018252,307157.365477
RE_007137,295812.203271
RE_003629,359008.798107
RE_008834,4734324.343318
RE_001220,2109786.998951
RE_002670,453171.285428
RE_015005,232142.789652
RE_007998,905468.606362
RE_008378,284529.473599
RE_012502,909142.779216
RE_016294,257394.011843
RE_008235,1009354.969887
RE_004205,585421.197576
RE_003928,318994.886046
RE_012686,352164.837985
RE_005231,521635.417306
RE_014512,175390.934379
RE_001364,262634.474008
RE_008689,395609.398885
RE_015958,403032.430207
RE_012029,377715.358067
RE_005638,567177.779885
RE_007638,581358.707368
RE_013885,1227112.304861
RE_010056,425450.151948
RE_015403,520489.682888
RE_015572,503708.010336
RE_007655,729457.776227
RE_014056,2850652.352669
RE_004746,478752.269700
RE_007496,463329.138415
RE_012851,623869.911870
RE_012412,1005980.842563
RE_012989,219198.867014
RE_005218,310348.693479
RE_004325,907705.647826
RE_016026,349131.136366
RE_018269,299839.855418
RE_000746,388458.891207
RE_000595,337572.539045
RE_012672,1439955.692231
RE_016951,1302498.140026
RE_010790,689644.319013
RE_006366,452027.549837
RE_013622,352734.618810
RE_018255,299076.674254
RE_007650,273841.502027
RE_010942,496276.907826
RE_013633,7467271.512419
RE_011649,186248.164437
RE_010821,1814239.951507
RE_005602,2077948.783973
RE_003687,421977.379148
RE_004899,439059.144928
RE_004427,200934.171038
RE_003638,587259.985549
RE_002071,2271665.659032
RE_007520,6106256.113309
RE_014953,952431.884397
RE_009627,261499.983802
RE_016121,115046.302565
RE_004004,5444615.884039
RE_010177,1072426.428098
RE_007331,1200107.126233
RE_002773,347290.571973
RE_006348,867824.848225
RE_006469,509518.587420
RE_004027,976000.574079
RE_017718,258904.292213
RE_007381,408537.492458
RE_008510,803274.742056
RE_017605,522362.482019
RE_007250,475905.437119
RE_005358,598357.612086
RE_016730,525713.135179
RE_011062,165260.807121
RE_011295,283427.158455
RE_004116,262075.044414
RE_017485,527889.566513
RE_001665,588241.003805
RE_008627,538502.861439
RE_017532,4102459.539761
RE_014740,230574.088897
RE_002653,318859.916112
RE_010843,882097.684520
RE_011445,419174.283229
RE_011326,334131.187949
RE_007736,845738.659198
RE_006804,871870.203113
RE_012340,231305.684804
RE_005103,499548.002327
RE_005528,226016.929932
RE_000489,255537.573567
RE_010371,695076.773953
RE_015902,565682.172105
RE_011612,384094.075671
RE_016668,412041.798948
RE_008417,545542.142385
RE_017476,205296.025513
RE_012862,365349.721052
RE_009120,309078.030203
RE_016590,712256.698739
RE_000390,255065.835311
RE_003223,743203.398525
RE_007310,139895.760680
RE_001412,628900.805740
RE_007339,605020.268688
RE_002553,1616563.033546
RE_012215,151190.089360
RE_017418,687961.850236
RE_006254,4591057.440863
RE_015042,611999.358835
RE_004099,410983.279763
RE_000275,418057.737005
RE_013982,759003.661870
RE_010998,199655.693414
RE_002434,2192181.301780
RE_009043,599162.958128
RE_010819,464855.304230
RE_014000,487972.794083
RE_009244,268802.373179
RE_016242,437629.201864
RE_012573,448274.417211
RE_017783,522548.139277
RE_006025,421928.464335
RE_002648,340972.932371
RE_000055,852345.432983
RE_012083,389196.844473
RE_006284,502473.228246
RE_015091,432496.985346
RE_006063,447702.459924
RE_013213,660202.930095
RE_011219,509011.605609
RE_007517,123910.897843
RE_013364,376749.673167
RE_011677,483591.038399
RE_017799,410253.280266
RE_012992,286886.945506
RE_009875,1537496.466628
RE_005687,2986635.097172
RE_003648,327744.670872
RE_008395,1337267.278533
RE_005325,9802803.048036
RE_015236,1459706.680647
RE_000031,194396.324403
RE_014065,450953.275390
RE_012346,270373.172609
RE_015154,358339.443651
RE_016725,424324.780593
RE_008290,152384.081433
RE_008793,283430.111758
RE_017165,226250.084129
RE_002831,807360.017797
RE_009741,142312.521313
RE_012553,823315.763978
RE_002197,359917.410557
RE_015222,1289525.574156
RE_014321,387377.641694
RE_002850,287510.609864
RE_014526,287895.301006
RE_009111,1956346.462992
RE_011713,570095.565394
RE_010115,503416.347395
RE_004830,892201.475905
RE_010403,861853.348977
RE_017533,488817.628896
RE_010822,202327.186878
RE_009442,220492.263471
RE_012932,422844.304752
RE_004507,239808.792307
RE_004062,490095.278562
RE_008993,1790404.362944
RE_016043,784732.116366
RE_006662,1066585.188684
RE_012890,952353.340905
RE_009076,1293784.779335
RE_018228,316707.707125
RE_008323,135455.033464
RE_005375,271282.065726
RE_008354,393652.368278
RE_005604,450833.445558
RE_017494,191657.697188
RE_007445,734833.332820
RE_003844,994580.640379
RE_016728,480356.027859
RE_009568,769952.381826
RE_000836,997948.892300
RE_004560,539168.517138
RE_011084,495272.322143
RE_014769,755741.283992
RE_010077,663621.680486
RE_000050,1313223.415593
RE_018035,417658.913148
RE_018095,694885.051757
RE_013394,418636.086400
RE_001687,342840.221831
RE_009733,293392.635048
RE_000849,581129.880447
RE_016637,345216.442006
RE_016934,509790.262239
RE_011593,615846.497489
RE_003692,333480.541037
RE_010620,575315.451782
RE_013717,230401.595137
RE_017482,575499.421663
RE_003146,363213.646893
RE_011194,488672.557028
RE_012105,390026.694777
RE_003841,364530.148376
RE_008260,452494.224079
RE_007504,450105.169198
RE_015183,269587.889120
RE_006581,208787.787814
RE_005188,356861.762382
RE_014480,327583.796120
RE_001493,390831.955322
RE_005866,235390.864229
RE_013414,349767.416046
RE_016939,414057.284189
RE_013112,570652.744050
RE_002938,568606.998274
RE_012015,441160.185884
RE_004558,778374.077704
RE_005958,495419.591288
RE_013384,377804.338451
RE_007208,749423.381688
RE_004296,564249.511300
RE_000696,203409.335986
RE_007858,512144.664409
RE_009882,280267.041024
RE_011890,394546.394455
RE_003061,802459.170931
RE_000394,512606.325495
RE_013679,417683.635408
RE_001356,708058.539928
RE_001773,3264665.427843
RE_004747,477866.281867
RE_015993,239301.217993
RE_008864,295403.036713
RE_011765,1097926.694718
RE_013647,502484.299981
RE_002873,357981.683430
RE_014014,666109.922780
RE_000827,918582.781124
RE_013159,614024.290526
RE_011499,299546.884862
RE_017129,434384.933565
RE_008029,527892.137936
RE_009631,633799.245267
RE_011315,980187.036260
RE_014834,140469.213277
RE_008666,452834.914024
RE_018124,364759.755139
RE_010756,479335.329058
RE_006673,520791.998168
RE_001862,602485.425602
RE_008918,277235.623011
RE_014406,2550450.805560
RE_016601,1145437.418950
RE_004283,131595.479547
RE_009373,344743.743980
RE_009689,530768.738088
RE_000882,424084.704140
RE_002520,643988.297706
RE_013573,6250683.412298
RE_008135,653226.711255
RE_000332,3286110.428243
RE_007509,786022.069465
RE_018178,326906.704874
RE_014309,500662.610352
RE_011570,658186.097638
RE_014499,504388.304814
RE_012255,592025.466597
RE_014401,581654.470571
RE_013859,2213099.410272
RE_016274,171617.977069
RE_013434,1538842.196571
RE_009501,465171.073889
RE_009317,886733.190665
RE_005002,587993.506030
RE_011672,641603.091202
RE_005369,352452.703135
RE_011609,528070.807983
RE_008785,801695.323582
RE_015517,407567.933391
RE_015795,505921.399895
RE_001298,508105.902030
RE_000118,573490.994573
RE_017539,232340.005285
RE_001868,1993776.448344
RE_007197,411705.476397
RE_012078,479331.634038
RE_011686,387497.266509
RE_007026,497967.937413
RE_004897,499525.038164
RE_015581,996541.780661
RE_009452,340198.922769
RE_009757,549924.909560
RE_012440,365348.657228
RE_003466,950268.897818
RE_008057,663289.054101
RE_000661,503750.203268
RE_005601,433808.594244
RE_003683,3088846.997978
RE_015873,502746.233515
RE_007832,297178.915376
RE_015614,1026231.669037
RE_017512,1057297.182002
RE_008230,472997.609038
RE_001685,787111.148375
RE_006793,432284.977327
RE_004736,464791.567968
RE_013084,1552667.351694
RE_011592,475093.137518
RE_004320,322249.544071
RE_013141,400372.749462
RE_001637,747461.972324
RE_012155,4780882.651346
RE_016842,225208.758793
RE_010769,434986.911942
RE_008683,328161.686849
RE_003514,749087.100184
RE_014276,366618.003492
RE_016399,128504.253777
RE_002485,644233.650353
RE_012353,723159.892300
RE_001477,440897.394934
RE_005882,655562.069554
RE_012926,326170.695280
RE_007113,494614.559946
RE_002928,651765.956127
RE_001694,361847.753560
RE_003110,248124.662062
RE_006007,125097.042742
RE_016313,619219.435423
RE_015501,351453.489263
RE_004246,466223.438519
RE_012357,325651.759026
RE_009121,614594.394979
RE_004915,274030.602265
RE_009634,1080443.398615
RE_000665,692083.352267
RE_001390,588716.676610
RE_002411,384717.274789
RE_014684,407839.927944
RE_004167,561564.008209
RE_000285,597438.172092
RE_008743,3506112.586345
RE_009584,486248.650958
RE_007433,385534.045900
RE_000984,399696.797849
RE_000959,331649.671622
RE_003144,873005.029944
RE_002403,638521.277842
RE_015639,435218.791360
RE_007017,470621.329385
RE_017144,446308.182217
RE_008390,448485.777735
RE_015755,536689.135588
RE_017963,606075.778002
RE_014990,315388.518629
RE_004547,300934.012853
RE_006924,871015.792469
RE_006419,582223.729337
RE_008063,890773.613701
RE_001726,5213368.901988
RE_002560,507634.005710
RE_013569,641431.377110
RE_017160,957075.174266
RE_008494,846187.392750
RE_004790,180169.283791
RE_008586,560888.098355
RE_005314,495925.899076
RE_007135,225776.000057
RE_016530,224314.151880
RE_017169,375174.632893
RE_002752,370505.246292
RE_002929,261197.711462
RE_008788,341268.795517
RE_013148,1477130.107730
RE_006865,657067.083788
RE_011032,205366.825290
RE_009928,356481.213445
RE_011631,520557.061436
RE_002047,330992.162422
RE_006797,210818.645558
RE_017795,672436.174552
RE_007472,444034.570478
RE_016197,277553.761753
RE_010006,280618.770732
RE_001896,653030.260139
RE_003016,586281.934164
RE_008960,294084.284129
RE_017752,425061.594707
RE_002222,246276.215792
RE_003414,553620.837195
RE_007769,1616295.375061
RE_004262,472755.543808
RE_018240,240621.571178
RE_015836,368533.571078
RE_004703,214965.472924
RE_010948,925665.058931
RE_008541,332967.414329
RE_005168,1418938.586141
RE_000058,2212965.746711
RE_000344,610185.263220
RE_003588,1121964.869953
RE_000674,613131.415437
RE_016805,764754.575189
RE_005680,370973.384935
RE_005334,519096.790830
RE_006817,197863.999191
RE_000393,431663.120160
RE_013399,604687.460177
RE_003157,564681.971382
RE_000335,1978103.750292
RE_006073,292560.043743
RE_003134,456754.941847
RE_017020,448379.740889
RE_013286,734537.877735
RE_006176,2622568.211232
RE_005612,489473.694634
RE_008238,272662.568715
RE_005415,715958.437727
RE_003665,776048.461492
RE_010663,698248.233022
RE_005253,739261.020992
RE_007911,419530.107999
RE_012437,487843.685405
RE_005834,346753.680698
RE_014861,348589.186824
RE_017954,2492232.423073
RE_001662,1070339.371355
RE_014476,152536.170379
RE_013521,462100.881133
RE_001533,764983.999882
RE_007580,685790.621688
RE_002904,372783.922636
RE_018164,1254770.613689
RE_003897,499077.778420
RE_005632,374552.674105
RE_016952,428145.048933
RE_015712,1080702.701550
RE_002784,446717.408405
RE_010789,657795.638727
RE_004815,435025.891224
RE_005235,438218.380721
RE_006585,605522.789113
RE_013976,953447.595746
RE_002276,615687.500285
RE_016283,127632.199134
RE_007115,396411.412758
RE_000725,475875.733322
RE_005742,877051.446466
RE_006085,1125733.406322
RE_012195,1126542.349792
RE_017109,193620.372099
RE_008497,375388.466798
RE_000412,494894.117538
RE_016542,1234585.485681
RE_004159,685187.656506
RE_005921,816178.721085
RE_001464,3006629.415211
RE_002989,196401.971325
RE_001823,339724.809040
RE_009024,526296.088866
RE_001724,7001215.933982
RE_015166,235611.251369
RE_009371,320484.416596
RE_008544,371143.998481
RE_005175,548798.895877
RE_018011,401235.504280
RE_004973,543296.585430
RE_013228,433130.434355
RE_011881,175770.831039
RE_009438,409917.576340
RE_009384,561271.660636
RE_005918,6430586.884654
RE_001579,278093.523508
RE_017812,755742.329713
RE_000615,115779.711426
RE_002656,488574.708484
RE_003454,1763131.535216
RE_007533,428064.267471
RE_016156,942724.317805
RE_012395,316031.388287
RE_015523,174590.538950
RE_006332,614552.292338
RE_001847,491295.713398
RE_014629,356936.426567
RE_015391,880619.160699
RE_012695,409841.288873
RE_008860,297703.084884
RE_012873,422943.504356
RE_002188,609791.411321
RE_000784,397148.620230
RE_014154,447299.411540
RE_016661,294812.920668
RE_012646,351101.921447
RE_003660,1229396.086025
RE_006167,402687.168685
RE_006471,671256.474084
RE_010173,568152.349284
RE_009213,726470.195771
RE_015329,1703549.000290
RE_001299,299047.007538
RE_010088,194543.540533
RE_016539,613036.568036
RE_008155,977271.390191
RE_005737,731564.072448
RE_014735,760368.070536
RE_010506,946495.188586
RE_001782,293103.050762
RE_011113,646104.058633
RE_011011,361297.307850
RE_003608,646140.282496
RE_008708,421169.813395
RE_002647,933339.881160
RE_017731,396634.648624
RE_015159,547059.091960
RE_009485,155563.935286
RE_011727,687493.009451
RE_017896,815580.195119
RE_009163,146391.767794
RE_013682,334413.086664
RE_015470,719266.613312
RE_008164,395884.122552
RE_009706,472118.943114
RE_014441,669051.399129
RE_012564,443471.528892
RE_004043,4483547.706267
RE_001714,192551.177676
RE_016676,420774.891791
RE_010969,404297.238942
RE_006026,706813.911272
RE_011664,2239007.697346
RE_005752,227347.503305
RE_013973,1320169.656697
RE_006754,582736.800553
RE_016092,303784.757463
RE_003892,431575.129159
RE_005242,611294.963412
RE_016771,609305.486650
RE_006053,218532.961075
RE_014428,649474.499493
RE_004115,636390.559693
RE_000388,373286.136361
RE_016922,507875.453235
RE_003189,267303.626957
RE_002461,1543069.438224
RE_002218,613843.375657
RE_005224,802996.710748
RE_011524,449393.557782
RE_004794,267993.470135
RE_011402,514589.794565
RE_014692,304911.460615
RE_000159,265825.114557
RE_003162,357056.401914
RE_010688,2653165.529144
RE_007154,403237.227412
RE_008335,2089567.285541
RE_002428,203670.721798
RE_015283,192497.368325
RE_016566,1211875.926322
RE_008682,511055.566648
RE_009614,813420.529417
RE_008246,1015419.352371
RE_000500,595094.355382
RE_001457,191144.639945
RE_017460,534450.866460
RE_009832,216893.981167
RE_008626,1230755.864122
RE_014227,244444.967422
RE_003539,550908.632190
RE_004514,2092004.444318
RE_007036,286546.549103
RE_013611,559991.451441
RE_000149,1560620.106631
RE_001850,299344.839848
RE_002878,509484.607051
RE_015339,348730.736772
RE_010479,366165.639443
RE_008537,304299.955528
RE_004562,615595.583921
RE_004527,443862.542887
RE_002012,587413.056977
RE_007774,2725364.815882
RE_008380,409433.645686
RE_011738,444008.156228
RE_000545,1070476.841717
RE_000371,535584.441524
RE_000654,605066.974826
RE_009855,646496.281445
RE_015784,556076.169532
RE_001623,630968.967892
RE_014473,567218.450284
RE_016059,184020.738696
RE_002641,290449.409578
RE_011281,320239.643073
RE_002337,1003399.361652
RE_011475,427760.503736
RE_004457,494518.722178
RE_010155,329310.141476
RE_000100,843324.728742
RE_003273,231507.987641
RE_001902,462664.073361
RE_004234,355414.130263
RE_008728,894153.379384
RE_006412,1055029.131802
RE_018028,494547.282936
RE_002566,443871.294512
RE_003782,529167.545113
RE_006663,262591.060585
RE_001188,608863.716814
RE_000406,609827.690949
RE_007662,291921.499679
RE_005895,703048.041116
RE_007097,559162.302563
RE_014295,465971.269810
RE_013347,1420355.877728
RE_001701,842281.848635
RE_015640,1162839.149694
RE_018085,542869.578303
RE_013491,1142665.440471
RE_007415,368146.425747
RE_013267,538373.735186
RE_002310,561236.864090
RE_007341,505370.980679
RE_003652,396133.793970
RE_016474,894794.308276
RE_004704,614397.697472
RE_010643,833926.822692
RE_005051,1678478.610517
RE_000069,651185.830923
RE_009849,252690.143858
RE_005584,135770.528795
RE_000829,573294.821888
RE_004584,219497.035292
RE_005125,693877.434502
RE_000303,509539.689531
RE_005264,180476.349105
RE_003128,887047.869183
RE_017301,688693.786013
RE_002540,393424.455840
RE_010438,169021.390071
RE_000606,1461579.399957
RE_004147,7549763.879783
RE_016759,645271.655989
RE_015996,571396.927745
RE_013754,324690.343122
RE_016795,198265.296779
RE_013583,616159.346776
RE_001425,618175.989360
RE_010671,516209.660023
RE_014947,410791.455428
RE_007536,1207465.824358
RE_010793,424553.461495
RE_013707,308429.942260
RE_002632,236596.017862
RE_015127,3980932.828196
RE_015356,453782.308582
RE_004741,334054.581948
RE_013916,413368.069100
RE_014085,175593.418633
RE_015535,588941.462058
RE_007776,158538.305561
RE_010399,1051247.280310
RE_012372,502966.083465
RE_001927,202213.161722
RE_018048,338926.941947
RE_001174,344402.710510
RE_004008,223211.129832
RE_013009,398234.960386
RE_008157,239928.164226
RE_003878,397408.573060
RE_014581,358345.565045
RE_007338,271102.260672
RE_012860,535169.473167
RE_006645,333530.893365
RE_014832,1120802.787882
RE_006902,329940.885665
RE_004892,1145036.043901
RE_011853,1307916.111692
RE_013185,944502.488503
RE_009668,922589.863626
RE_005122,1732698.688100
RE_010253,196460.838113
RE_000021,585920.596823
RE_011091,1272297.772755
RE_007079,297966.156721
RE_016531,573573.731999
RE_010601,223978.910337
RE_004041,957459.194228
RE_009981,334476.266505
RE_012196,474533.413041
RE_007612,1011737.141672
RE_017608,174678.852590
RE_010987,466312.742665
RE_017987,586506.929318
RE_013816,2232209.201540
RE_007957,500677.707735
RE_013756,311922.904935
RE_008426,246305.087576
RE_003871,542859.331479
RE_007076,400617.316539
RE_000091,570088.504058
RE_007330,909306.708890
RE_017871,1816086.391976
RE_006181,458021.090433
RE_005039,441809.753529
RE_007616,356245.449213
RE_016214,411709.894328
RE_010183,271398.299865
RE_011244,400235.737537
RE_004900,451862.848333
RE_000875,226166.032026
RE_016592,516257.942258
RE_015396,536297.032914
RE_015649,1698672.392957
RE_005749,1544461.893541
RE_011799,349427.849111
RE_007585,826304.486744
RE_004780,526297.712215
RE_012014,530381.125038
RE_000614,140136.295619
RE_014790,1781331.052700
RE_011352,714149.030478
RE_011783,358656.084841
RE_008059,903540.719333
RE_011949,173351.997844
RE_013375,781812.902084
RE_006104,418631.454271
RE_013460,341567.036053
RE_004411,340800.163489
RE_004357,2393968.669423
RE_011119,540458.360914
RE_018021,509690.121390
RE_000263,486059.432560
RE_004491,479736.851345
RE_000510,564467.138075
RE_017423,1062394.836354
RE_007095,283480.757422
RE_000605,704982.441192
RE_007691,357461.567317
RE_007049,599666.796488
RE_006113,321414.655367
RE_001347,328782.772464
RE_016409,387031.845060
RE_017260,121598.730125
RE_017028,628325.139823
RE_009594,437276.297613
RE_015171,1189596.287928
RE_015070,498381.313638
RE_011958,380660.772816
RE_005345,1046233.694682
RE_009342,501793.497690
RE_008716,308475.429448
RE_009770,1802140.638654
RE_011809,291876.294898
RE_017672,176979.463082
RE_003706,359611.372367
RE_010347,1223602.197897
RE_007676,1063046.957384
RE_008134,743191.352528
RE_007384,527243.432297
RE_003367,674774.274599
RE_014358,395031.916820
RE_011294,561004.931171
RE_010642,535210.077084
RE_001917,399099.598849
RE_008827,666802.333153
RE_017773,267031.881396
RE_012328,423291.256614
RE_005333,1471540.128690
RE_015915,1954662.726917
RE_002490,797226.653054
RE_006787,177402.828282
RE_006692,596269.768123
RE_009254,514539.408926
RE_010102,762495.616632
RE_006680,402998.903010
RE_013212,341200.771474
RE_002921,1694124.530935
RE_010015,178070.609492
RE_012676,214653.680094
RE_012363,598014.976896
RE_012534,396055.311497
RE_008306,202544.929012
RE_012206,522229.327283
RE_008109,257437.790674
RE_014384,594882.139202
RE_004571,189156.824095
RE_000840,462274.247774
RE_013448,343775.655659
RE_005147,392360.475744
RE_013572,194999.814759
RE_017903,1202624.148506
RE_002830,299054.052224
RE_008234,455576.229790
RE_013029,187514.994137
RE_010926,1201058.167232
RE_016434,250175.565664
RE_004849,178285.268489
RE_013454,364899.651408
RE_004093,315551.994501
RE_006638,637244.779832
RE_010476,624978.093335
RE_016700,363905.483632
RE_012815,621921.427255
RE_000121,440784.184099
RE_011162,357242.644746
RE_012082,528739.649076
RE_006986,480675.645865
RE_012804,521772.853585
RE_006646,247902.351495
RE_001502,369373.154442
RE_015244,439026.742194
RE_002660,4216990.870752
RE_010818,641358.408621
RE_008425,401188.729626
RE_002596,2300997.493118
RE_005381,278354.437575
RE_013560,314638.108394
RE_013471,1257737.601327
RE_001554,508896.153043
RE_000986,587614.325797
RE_008483,849054.475040
RE_005907,410725.032313
RE_012455,3210392.783814
RE_005639,491441.502982
RE_000594,452259.227447
RE_006983,592979.307768
RE_000427,771810.685423
RE_015669,317156.672105
RE_013961,353989.735875
RE_010044,706996.896206
RE_006255,415631.536906
RE_014987,1006990.871110
RE_006150,342298.922974
RE_016593,601805.854700
RE_003771,443864.751933
RE_001124,4668245.557944
RE_002119,649004.357594
RE_012790,464994.299478
RE_009345,309606.210662
RE_012696,546383.247216
RE_010413,478620.510439
RE_017937,281678.942358
RE_009436,431393.956526
RE_013602,7418387.244677
RE_007818,453740.610974
RE_011797,561320.591277
RE_007460,1004669.269702
RE_002432,754477.720553
RE_016066,498904.863530
RE_012024,595671.355756
RE_012826,370794.700036
RE_006682,480153.941096
RE_001832,773888.797263
RE_010641,377228.539902
RE_003509,386017.940474
RE_010336,958113.842878
RE_011813,583212.086826
RE_001603,1050853.467701
RE_014883,679901.486140
RE_005093,467122.676973
RE_002487,632561.036790
RE_007074,702410.720451
RE_001386,744101.071290
RE_013959,218221.577369
RE_005311,297611.256281
RE_004817,476255.731948
RE_004442,840180.740611
RE_005586,299543.265970
RE_005028,269262.508216
RE_002681,242325.856772
RE_013954,312218.171249
RE_005142,1036932.264818
RE_003698,237040.011241
RE_015018,432118.271210
RE_007918,903280.958764
RE_003974,211594.718324
RE_009149,710819.990582
RE_007332,371778.288423
RE_000780,357557.758437
RE_017202,237443.850239
RE_007728,1026769.975455
RE_009354,846608.487101
RE_013710,452395.547282
RE_007737,2295510.323802
RE_003408,470870.553861
RE_013056,485228.197841
RE_002633,243310.165040
RE_004007,568010.501646
RE_000005,824947.346015
RE_004052,2286141.552896
RE_014143,564415.513789
RE_009210,320021.113695
RE_012670,816570.061068
RE_003679,407254.670813
RE_001780,285460.929718
RE_015338,269309.945189
RE_017385,479554.707344
RE_004039,326523.569572
RE_003478,531237.856398
RE_006828,753848.835432
RE_004309,343576.191334
RE_001628,348618.459716
RE_011293,848593.337451
RE_003983,306943.818227
RE_005617,478440.885460
RE_014141,425575.561809
RE_017994,383061.643960
RE_015343,525743.554842
RE_000937,469440.881703
RE_013811,243501.259563
RE_011795,472824.190707
RE_000956,467420.880060
RE_007652,319131.186445
RE_016147,359730.444686
RE_016478,652994.451566
RE_006806,334677.955084
RE_007005,644326.798858
RE_001201,568182.721909
RE_005439,746215.231178
RE_013993,992952.221422
RE_008058,942196.055109
RE_012447,627661.775004
RE_012902,667163.353137
RE_004745,384890.781681
RE_002589,503487.962667
RE_007146,2518024.855110
RE_013034,378509.066310
RE_007611,391523.036980
RE_013630,1177018.141919
RE_008623,503834.134289
RE_007997,449448.992417
RE_008742,982826.936705
RE_003421,411345.865067
RE_004640,526975.140646
RE_002420,953422.954987
RE_003760,466815.263496
RE_007251,388532.791825
RE_014098,478893.979580
RE_000297,1103176.812527
RE_012293,216211.293457
RE_008613,358539.537698
RE_011021,561840.203744
RE_013606,613649.800273
RE_001439,281963.019170
RE_002849,580819.552595
RE_006622,271981.088172
RE_010609,434065.442987
RE_010531,2948182.021103
RE_017573,978415.558464
RE_007484,332465.212495
RE_007052,292447.415907
RE_017199,620555.669504
RE_009590,588780.062757
RE_009380,686878.990446
RE_014346,943811.883180
RE_016758,309042.096236
RE_002923,372701.123058
RE_014845,1449311.296115
RE_017978,624755.675093
RE_005070,373855.407302
RE_001132,147791.292425
RE_000526,703660.892685
RE_004013,429676.474118
RE_002876,767471.040996
RE_004210,692769.941927
RE_001781,816951.990261
RE_006506,356597.957793
RE_018144,351531.528469
RE_006708,530284.156541
RE_016857,294473.607318
RE_015377,885202.981106
RE_015596,453654.881255
RE_015563,287510.491660
RE_001320,307742.201362
RE_008632,1188900.213490
RE_013927,1271680.532054
RE_015369,1225467.388714
RE_012230,2013304.625153
RE_014973,671081.968834
RE_001498,428453.695952
RE_001122,375883.063477
RE_016502,295558.797389
RE_000792,746216.318888
RE_012307,727921.329430
RE_013301,326330.493953
RE_007512,295802.704438
RE_000781,287810.980459
RE_001422,256907.749570
RE_012116,772398.175936
RE_008774,253482.246688
RE_012172,591865.276958
RE_008478,637409.345775
RE_001045,368891.614885
RE_013891,3476645.945841
RE_008680,428670.814545
RE_005459,423072.250477
RE_016581,371403.848249
RE_005347,759825.304900
RE_006832,456841.551592
RE_009084,1524534.725271
RE_007446,449693.342009
RE_017695,537213.859466
RE_011628,1021070.576946
RE_014489,272103.035220
RE_002619,600494.264483
RE_006530,351115.119861
RE_010682,1232850.698865
RE_007405,407448.428426
RE_008957,420997.462307
RE_015520,581781.163639
RE_004516,536653.551995
RE_011411,1545768.058655
RE_009113,1785025.319169
RE_018090,344218.691635
RE_016553,816747.069176
RE_001664,240122.861640
RE_002700,379878.213141
RE_004458,1160219.430821
RE_009720,944585.742834
RE_015816,170625.661760
RE_005380,345633.699049
RE_005118,256058.342185
RE_018182,389421.726352
RE_003790,717135.900255
RE_016265,2502663.768495
RE_016722,485828.228852
RE_011920,440710.989109
RE_012111,1520171.243558
RE_000628,583079.366652
RE_000279,177702.547090
RE_005998,222523.574466
RE_003947,7622382.722697
RE_001645,441179.712291
RE_015323,569391.924761
RE_016224,724675.595969
RE_017738,387403.013061
RE_004254,490091.297433
RE_012397,620790.666120
RE_007912,435696.905047
RE_002379,511912.400609
RE_017484,387394.055850
RE_015288,154003.418564
RE_005339,189755.187169
RE_008158,658498.730589
RE_015416,427509.471017
RE_010072,596827.717650
RE_003910,803908.824693
RE_016556,715663.098399
RE_010859,802009.764951
RE_006512,630128.200960
RE_006587,416811.722316
RE_008637,881666.047398
RE_003378,564635.582649
RE_012419,924521.649174
RE_003488,165861.455116
RE_004914,468324.959520
RE_002362,406065.587766
RE_004384,497001.313134
RE_011974,1120103.596248
RE_008297,700010.459500
RE_009477,405575.079286
RE_013348,1262082.216485
RE_002240,747174.592936
RE_003133,847913.931832
RE_008998,1797186.899443
RE_005491,836063.037530
RE_006416,978016.810934
RE_014749,246842.570006
RE_015987,665631.306258
RE_009978,322535.465887
RE_006227,543952.600278
RE_003564,548501.740597
RE_009632,598017.331070
RE_008093,711444.126590
RE_016049,505323.381878
RE_002841,972063.396679
RE_007944,513662.281177
RE_009781,346067.045826
RE_002017,417291.257148
RE_004883,645430.565551
RE_004067,463163.979564
RE_012899,541245.477961
RE_015226,2585969.688029
RE_003654,305653.045373
RE_015875,911521.216779
RE_018039,445471.465075
RE_001776,247567.842642
RE_000006,679205.017127
RE_012568,1728350.026218
RE_017921,605521.484252
RE_009151,649246.632107
RE_004059,786038.825659
RE_000613,596617.717142
RE_018288,566068.967547
RE_011410,228063.485677
RE_008954,750927.093869
RE_016460,304367.770556
RE_016654,755468.346523
RE_009656,2661860.109012
RE_017797,565928.333713
RE_016336,310852.298244
RE_016783,378718.594039
RE_016078,747427.403889
RE_008491,899454.755740
RE_014720,429167.655266
RE_015516,1187785.488801
RE_007301,279127.169493
RE_006326,888459.195106
RE_008855,1156961.899528
RE_011528,221700.500889
RE_005165,1671346.396652
RE_006607,367384.859198
RE_001771,2220871.756449
RE_011482,517861.884525
RE_015024,490433.831323
RE_014225,455070.764524
RE_014231,242344.700632
RE_015735,619365.752621
RE_016243,292887.383165
RE_005474,509905.561597
RE_012258,434177.931788
RE_003083,694216.971845
RE_015947,389423.110988
RE_001065,613718.230252
RE_013915,173174.390594
RE_014527,753051.725800
RE_013230,837568.918790
RE_009386,1618963.925668
RE_000278,131444.083882
RE_010222,583361.353715
RE_012552,225230.454344
RE_014705,379345.422056
RE_000907,426136.781035
RE_014216,299332.116655
RE_018256,470441.912132
RE_001160,534843.293963
RE_011586,668848.682099
RE_014925,418171.825491
RE_016864,568889.791873
RE_014113,529532.183282
RE_011745,197543.488341
RE_002372,3469565.514916
RE_016250,1092507.532467
RE_017983,717242.386032
RE_007914,1059108.206190
RE_005326,459791.333307
RE_005283,1840421.642474
RE_014247,212686.665445
RE_014909,419949.513870
RE_007897,138431.795643
RE_012554,456508.435162
RE_005400,803560.433167
RE_016468,3528086.519029
RE_002314,368626.565091
RE_012506,418749.664934
RE_007426,243907.706127
RE_004398,210932.942353
RE_011718,635813.927591
RE_015477,309982.085641
RE_015434,610973.045291
RE_000942,418645.115392
RE_000211,1243412.311778
RE_000644,386682.928462
RE_007687,488329.583255
RE_013867,273729.461291
RE_011739,444875.876122
RE_003319,363056.204829
RE_005922,376584.261134
RE_016713,371379.833234
RE_012724,258081.913541
RE_011962,788692.742837
RE_001044,261782.419821
RE_006758,495233.289551
RE_013021,575142.706760
RE_002162,342645.511757
RE_002986,824578.468709
RE_004339,377090.524137
RE_006669,456407.139967
RE_011126,501828.320421
RE_007750,394252.318870
RE_015045,506060.135256
RE_007318,332305.975184
RE_001912,237403.824782
RE_006501,435660.762828
RE_008481,221438.534976
RE_010971,972848.288611
RE_015122,577643.014579
RE_001536,298052.039780
RE_016418,251844.242999
RE_007169,298453.371654
RE_014966,479322.080354
RE_005495,1029078.994983
RE_010699,173360.955567
RE_003117,299683.483206
RE_012144,328478.129998
RE_004472,423522.880984
RE_017582,155623.019007
RE_017938,821576.669215
RE_015864,425417.703567
RE_017841,430111.979629
RE_015128,318507.690243
RE_002462,274082.783235
RE_008555,286517.859847
RE_005932,386748.002327
RE_014530,992827.941117
RE_010376,710459.831165
RE_011159,209336.216903
RE_012475,518260.462308
RE_000007,782022.207225
RE_001592,345376.658628
RE_001563,294989.356710
RE_000531,476443.499283
RE_013736,414710.564490
RE_002268,169757.240965
RE_012805,323756.553442
RE_002837,341636.509236
RE_006964,1019120.648603
RE_012495,4885534.964887
RE_002433,350875.316133
RE_008435,457646.078747
RE_014872,857559.883972
RE_013635,286221.076409
RE_008963,931190.250290
RE_018210,396139.090459
RE_015634,421491.463385
RE_000833,1392596.184673
RE_007061,923142.134173
RE_017745,1417752.024217
RE_017547,1087513.536900
RE_015937,1096582.944046
RE_012309,509015.553901
RE_012059,482138.466688
RE_016443,520741.070140
RE_002158,372015.131155
RE_011252,196456.050715
RE_010295,503708.199868
RE_002562,531421.262682
RE_009863,350220.027232
RE_007552,412904.349890
RE_010626,327015.990811
RE_000978,920275.812739
RE_009653,504478.285712
RE_018083,1314278.697548
RE_016549,506305.634713
RE_009205,332720.547133
RE_015849,547963.815482
RE_007677,443807.929962
RE_000280,505738.874302
RE_007382,512883.784108
RE_018157,1787389.351321
RE_009409,527899.811003
RE_012742,2889203.035793
RE_004216,416827.735260
RE_014878,521228.121063
RE_002571,673214.166861
RE_014323,3279230.572426
RE_011415,182801.235675
RE_018009,2331414.079148
RE_004981,414465.195554
RE_000778,166518.258422
RE_013054,696666.190675
RE_008016,628328.004267
RE_001949,258635.012146
RE_000051,580260.275446
RE_002107,755822.863181
RE_014824,778590.834216
RE_000767,984463.409564
RE_011367,1293735.937749
RE_001085,553710.493087
RE_017723,374168.648635
RE_009595,6835754.134028
RE_016631,243654.014549
RE_017206,413242.241923
RE_004226,308634.950328
RE_005162,775161.582629
RE_014088,431628.260941
RE_005123,165759.043542
RE_004843,570561.083101
RE_013525,2174437.199954
RE_016407,250282.195313
RE_004084,594937.868267
RE_005972,598525.559604
RE_002321,381945.839014
RE_017392,517059.087431
RE_000567,950569.747412
RE_001695,370969.242026
RE_011153,678308.777894
RE_016246,295289.760776
RE_000179,666280.484445
RE_015582,450026.063726
RE_015664,1018997.713842
RE_014713,282334.776386
RE_014767,321453.703352
RE_017816,242810.352659
RE_007724,835920.232936
RE_017372,422991.783074
RE_011274,2614433.228652
RE_017739,1363924.343026
RE_001454,216283.799405
RE_016090,953902.674812
RE_011900,843462.694573
RE_013745,459872.430317
RE_008850,1167115.840703
RE_003005,2041371.369029
RE_017683,452266.703022
RE_017439,370763.796911
RE_016440,566921.811313
RE_012548,2752503.651553
RE_017171,433096.981806
RE_016618,566840.663910
RE_001746,460468.770821
RE_012698,667601.617678
RE_002026,841611.904926
RE_007559,1375661.137963
RE_017447,694567.506668
RE_011476,553197.968124
RE_017233,733315.278521
RE_007481,352600.235874
RE_000552,318499.362510
RE_016021,1192116.354029
RE_005448,397112.800066
RE_010025,546026.517005
RE_003935,152148.225896
RE_004153,845696.768518
RE_008690,372085.051503
RE_001855,551341.779298
RE_007796,597762.483383
RE_014636,555821.685672
RE_000032,403635.310117
RE_014374,411470.555117
RE_013451,285192.267699
RE_004941,704761.046169
RE_010932,888606.762353
RE_005132,790100.930760
RE_014783,559107.121693
RE_015757,1259712.896831
RE_015480,835662.602511
RE_010815,623483.354698
RE_004332,260834.962192
RE_014392,724901.110965
RE_014941,146229.283738
RE_009332,492159.677605
RE_006381,3310005.971813
RE_010527,1043699.589016
RE_013199,808118.822850
RE_010468,235064.558273
RE_011953,729792.377438
RE_013168,731880.624478
RE_004550,387164.131336
RE_002174,214598.914025
RE_014070,611104.956305
RE_016006,539027.845258
RE_002836,570396.225540
RE_015001,1010966.251181
RE_005258,600974.368855
RE_002412,286170.977103
RE_010575,738221.273301
RE_013760,168453.439135
RE_000563,1432631.625224
RE_009159,490527.030799
RE_010353,310649.380061
RE_008351,625401.281480
RE_017835,415994.113902
RE_018106,521710.123252
RE_013089,1232836.443827
RE_012712,404613.946677
RE_011539,2123427.994859
RE_000631,578134.900823
RE_008922,106093.389251
RE_001438,151601.694024
RE_015599,687318.374928
RE_007900,1133511.294128
RE_018020,254750.487985
RE_006210,272681.861973
RE_011057,652546.038904
RE_016825,413310.747028
RE_002771,337822.652978
RE_004739,369835.529273
RE_014311,318564.986267
RE_005608,414060.768656
RE_008004,853970.146898
RE_012097,2170979.214049
RE_011675,796353.965410
RE_004810,3532595.723346
RE_011505,474035.796053
RE_002859,239571.494486
RE_006566,1511061.623054
RE_005787,581684.305090
RE_003868,380400.427778
RE_006933,205815.007591
RE_004417,476237.663939
RE_017854,628176.662733
RE_007668,312744.695934
RE_016643,446678.374040
RE_007694,283123.120015
RE_001089,359016.929330
RE_015615,1390959.467729
RE_013972,429042.458312
RE_009639,898918.501671
RE_006901,459600.732224
RE_006647,290434.780827
RE_014125,1027895.943815
RE_004269,378048.699198
RE_005776,769919.758473
RE_008846,219231.554883
RE_011855,481719.119303
RE_009952,328863.825888
RE_003717,274393.580638
RE_017429,327340.911303
RE_000206,1160283.489163
RE_013294,1334896.119588
RE_009433,333213.994646
RE_005233,558505.306021
RE_011007,423028.105688
RE_009980,665497.760446
RE_000267,242372.801444
RE_001820,205617.604600
RE_016140,155337.241899
RE_005289,271298.840913
RE_007643,714549.036077
RE_011978,375723.159720
RE_007172,505152.901216
RE_015113,266448.970417
RE_003952,734251.355491
RE_003528,377316.167215
RE_016935,588854.051042
RE_017784,387144.468045
RE_015878,307972.319121
RE_004203,556018.300768
RE_005871,612224.758454
RE_016270,354584.387672
RE_009673,546320.656372
RE_005594,193870.978687
RE_006439,168137.970868
RE_014041,2252595.187319
RE_014317,558695.281052
RE_014308,590454.014330
RE_007119,1067691.845969
RE_010385,297907.611732
RE_009992,282907.660592
RE_008382,257554.960124
RE_005906,166439.169516
RE_002659,762113.518349
RE_012203,382155.343285
RE_007109,787220.349398
RE_013079,363040.540374
RE_003919,620550.494578
RE_009739,419071.538829
RE_008009,267834.398449
RE_016396,652024.361487
RE_010437,676355.883954
RE_005140,338568.563235
RE_010131,237169.674820
RE_007075,350467.987440
RE_005243,236322.629673
RE_001970,802707.514079
RE_006504,314321.170937
RE_005839,609184.750494
RE_009898,527326.781235
RE_009372,500770.618220
RE_004418,333557.853104
RE_007102,597281.725233
RE_014377,445318.430728
RE_004821,793565.925803
RE_006043,293418.536687
RE_000143,480499.797634
RE_007707,494168.221968
RE_001481,498447.021608
RE_006627,2679658.632117
RE_011535,483266.498516
RE_008440,589049.535818
RE_000334,960395.232853
RE_010408,348707.862989
RE_004268,460923.112594
RE_010150,2106199.654291
RE_002644,2143647.359412
RE_007644,489285.015428
RE_004490,382154.289895
RE_009374,568281.643905
RE_009813,221171.458301
RE_003471,427298.606083
RE_017531,457531.049961
RE_011710,450110.357853
RE_017557,729323.101357
RE_014706,738814.639612
RE_003604,561970.616791
RE_015786,463804.130958
RE_014118,515405.570605
RE_009241,334191.841298
RE_006760,3707800.134997
RE_003688,627811.340752
RE_007891,618084.419868
RE_009527,1039895.108064
RE_001751,421681.879507
RE_011647,527385.310398
RE_010096,321097.295601
RE_018044,405933.519577
RE_007274,572168.843130
RE_001114,491464.374073
RE_010955,488977.867944
RE_008802,393895.135306
RE_000317,236564.951679
RE_005455,499064.095096
RE_000569,267175.048002
RE_008639,459497.982313
RE_000505,267694.408630
RE_007060,258016.995835
RE_010314,489872.274164
RE_016896,1055575.992088
RE_002578,228433.920914
RE_005430,322098.681344
RE_013354,4849869.279669
RE_014586,218437.562405
RE_006377,513217.458412
RE_012710,635486.593013
RE_004485,588639.405965
RE_013777,315825.016570
RE_004422,347741.997766
RE_010521,1019757.570331
RE_012312,441318.222173
RE_004251,425959.723946
RE_013497,807938.169945
RE_014356,276087.258719
RE_016847,726347.290576
RE_005876,927120.257481
RE_015882,466075.601119
RE_010298,1625537.665798
RE_005535,477179.229552
RE_007799,366789.191674
RE_001246,808227.898284
RE_007771,124086.013797
RE_012530,330205.579593
RE_016295,476320.025036
RE_013132,2252878.293848
RE_004920,443471.144177
RE_001546,689006.891239
RE_003295,458640.430210
RE_010168,833762.239395
RE_013610,365236.860950
RE_009779,308778.240615
RE_010026,576323.005451
RE_012045,234872.219466
RE_009347,303610.452422
RE_015120,384796.547458
RE_005916,626375.895680
RE_006825,4543804.035372
RE_015453,490194.269757
RE_004837,1156458.292676
RE_004110,542392.669583
RE_009390,616430.302768
RE_007247,507059.465013
RE_007086,270401.520580
RE_010803,326569.194459
RE_005423,370616.194166
RE_017724,583489.722372
RE_012605,755151.737850
RE_017055,635325.020823
RE_013874,335171.038762
RE_009321,327032.982564
RE_012488,342292.288610
RE_016572,292475.478383
RE_006737,265557.733201
RE_010215,254014.671288
RE_005733,273977.586627
RE_016610,915459.460311
RE_000205,530551.912287
RE_002683,225111.586270
RE_014103,306915.876524
RE_016617,994594.639580
RE_013589,527742.697910
RE_008653,271406.804924
RE_008050,600831.800830
RE_010611,622339.892051
RE_010159,637880.539737
RE_009456,4573120.159847
RE_004064,1048394.791327
RE_013445,3009598.681317
RE_013044,562240.214436
RE_017182,419504.877230
RE_006625,537168.891309
RE_014062,747565.032941
RE_007603,1079752.945938
RE_005845,1050020.730517
RE_014405,224693.517525
RE_010248,5925496.106016
RE_002296,353728.790769
RE_002839,406957.441456
RE_003858,473912.680996
RE_010858,443230.669124
RE_000059,683475.734315
RE_016134,1781783.226358
RE_011069,167098.298795
RE_016212,444152.643412
RE_015822,207448.548860
RE_010261,1197978.381340
RE_012572,890395.716599
RE_006513,723508.654041
RE_013598,6081256.537528
RE_011257,761489.091766
RE_010193,404682.782867
RE_008357,359999.249854
RE_016567,902644.251905
RE_001829,627649.992928
RE_014059,449694.515635
RE_017803,287326.507549
RE_003822,650979.794060
RE_004468,562887.983245
RE_005894,401494.233930
RE_003299,382758.314741
RE_004102,460870.053823
RE_000244,1053035.504301
RE_007128,1096362.394789
RE_013696,680381.731276
RE_012291,456514.683187
RE_002997,334271.073925
RE_015759,283522.946076
RE_012275,376075.378794
RE_017992,1011243.955923
RE_018198,372418.118932
RE_013218,653358.596411
RE_000867,350687.435354
RE_004667,636809.433467
RE_017885,426248.197888
RE_008025,920414.311321
RE_016235,742466.565823
RE_017879,430152.772700
RE_012427,377256.064708
RE_006549,492438.856748
RE_000251,929473.492053
RE_004971,942180.448321
RE_016640,508955.952894
RE_000826,459720.199462
RE_002084,621264.017344
RE_012266,754817.017563
RE_014519,458792.590334
RE_015817,210736.160543
RE_003161,707943.664607
RE_000171,444402.248004
RE_009893,77498.166892
RE_001950,309362.128770
RE_002655,413030.108798
RE_006952,698714.174492
RE_005960,2959479.827251
RE_013251,258314.429087
RE_011810,323507.891580
RE_006820,4355242.861299
RE_013716,190362.686962
RE_015084,305821.567219
RE_018001,420861.450870
RE_005006,801436.529656
RE_012944,925563.674451
RE_006484,622337.938436
RE_015372,288292.955534
RE_006406,280663.071088
RE_015625,823605.618618
RE_005210,292824.150942
RE_007510,652330.718898
RE_014948,537982.113215
RE_014847,817045.915647
RE_006718,189961.317346
RE_005085,494214.851294
RE_016199,1230056.778701
RE_014433,413698.567874
RE_001905,438156.805388
RE_010284,268487.584284
RE_007614,312019.586642
RE_004233,634653.572635
RE_010267,530529.083639
RE_007748,1899858.049185
RE_012016,640517.566705
RE_000493,890993.486694
RE_016629,288119.346489
RE_007133,2775788.673152
RE_006594,456775.929480
RE_006272,429487.009130
RE_010359,405738.976572
RE_013372,577639.618842
RE_016523,527291.357909
RE_011370,1698632.960511
RE_006124,1111953.884818
RE_009857,387679.360145
RE_005135,427063.938607
RE_000391,329001.431879
RE_015894,787393.731472
RE_005350,336270.561971
RE_006695,330103.656736
RE_012823,315063.206152
RE_011433,328240.247985
RE_007424,169204.594832
RE_012003,472684.217645
RE_008873,338156.141441
RE_000160,445789.405737
RE_000876,279545.479576
RE_010659,705228.747442
RE_001766,364456.213116
RE_012916,1209744.605963
RE_006899,542202.628636
RE_002114,385735.609571
RE_013129,260900.015896
RE_012697,1162238.269282
RE_007883,515925.065785
RE_001317,433108.641204
RE_002305,256865.083116
RE_012590,244019.351266
RE_000744,286503.650749
RE_008316,554569.974116
RE_005171,183676.879530
RE_014353,274444.133659
RE_003112,657559.616168
RE_013998,210387.626457
RE_007120,1594550.876532
RE_002723,436488.935380
RE_017985,823893.922472
RE_005722,2208871.487267
RE_014660,363705.737283
RE_016099,341245.291777
RE_007635,2592647.253930
RE_001612,832905.119941
RE_000921,393205.013676
RE_017567,1117504.077045
RE_007557,382565.112503
RE_001333,441346.955513
RE_000126,426945.460547
RE_006981,262202.366828
RE_007537,234803.809929
RE_008795,450858.287371
RE_017741,250564.908249
RE_013150,710627.155793
RE_014717,1138598.975683
RE_001172,625016.300293
RE_008498,667205.770622
RE_001858,659230.580173
RE_008858,668195.788358
RE_004599,452602.670938
RE_010419,445637.861054
RE_016374,965577.533017
RE_005190,454373.674949
RE_003148,362802.389036
RE_012988,549233.733144
RE_005811,622071.534212
RE_003492,505485.728357
RE_000333,352542.283060
RE_011417,363121.360698
RE_000026,635406.359370
RE_011217,327153.096150
RE_008798,1443951.110201
RE_013105,1347437.252855
RE_004552,509178.323657
RE_000492,288516.873351
RE_011443,935470.659978
RE_017701,501048.222269
RE_005595,689621.812512
RE_000426,512382.885479
RE_014956,329808.067830
RE_013936,9532551.264290
RE_018221,429437.294974
RE_006121,575344.931688
RE_018052,363142.149638
RE_000105,418519.531103
RE_009848,920843.970468
RE_000038,335936.953036
RE_007178,545125.874326
RE_016765,338210.047988
RE_005366,239852.166127
RE_008757,142705.659296
RE_005262,1608155.214513
RE_011619,1483457.674427
RE_002894,1250023.280514
RE_015914,382416.064698
RE_014619,442828.303643
RE_016580,453293.912380
RE_014697,1500176.733385
RE_017696,927613.884340
RE_000988,328207.659833
RE_002237,624954.256788
RE_001158,641096.889299
RE_008784,777909.301909
RE_009694,476877.525649
RE_000916,671995.837251
RE_013113,358854.925044
RE_018147,661428.969767
RE_015850,476537.615462
RE_014146,171458.654284
RE_000689,561183.412282
RE_011451,1356334.961111
RE_012400,764896.975770
RE_013012,923080.374771
RE_013493,1053388.797074
RE_005316,178094.321516
RE_012403,436132.067894
RE_001611,417297.933225
RE_007091,382761.711534
RE_005599,494598.773017
RE_008859,600327.478696
RE_012135,302272.793336
RE_002766,539256.386547
RE_009596,212364.616349
RE_007950,328507.032988
RE_004029,508488.741701
RE_002360,321932.934422
RE_009811,1433518.081610
RE_015900,304241.565844
RE_007083,443473.508988
RE_003398,950955.939172
RE_008190,186729.281294
RE_017406,961600.601889
RE_002224,582550.753641
RE_012958,725953.123589
RE_008460,304540.298055
RE_009621,995464.383002
RE_012250,489292.462054
RE_001118,576278.771932
RE_000989,743614.639198
RE_008175,425067.779190
RE_013960,249708.313221
RE_015380,961658.459223
RE_001244,728784.663283
RE_003506,662656.081900
RE_007479,394422.935570
RE_012635,1045016.145456
RE_012486,182654.390773
RE_014796,581212.888640
RE_000542,1245828.048516
RE_013784,477488.107623
RE_000561,927198.601999
RE_010322,771054.941393
RE_008534,254275.177236
RE_000947,132521.168870
RE_010035,444556.452612
RE_018149,225235.042092
RE_004275,413072.505912
RE_018130,719848.091168
RE_004209,3751217.037050
RE_004066,419959.554378
RE_006474,1247790.297152
RE_007499,365029.796522
RE_005139,1343578.646234
RE_010775,800388.497072
RE_017187,446871.587936
RE_012402,184182.597545
RE_003078,318373.843033
RE_004825,396085.142906
RE_010690,283084.584066
RE_010608,216341.962919
RE_006553,1403640.042855
RE_000809,753125.945427
RE_012889,1143837.944977
RE_014483,852508.427051
RE_007323,615063.196720
RE_003694,719830.179837
RE_017839,381618.261483
RE_017749,1877173.426971
RE_007409,498302.474425
RE_001974,330607.110875
RE_000086,311385.731631
RE_014261,552056.401606
RE_000166,571442.103294
RE_007164,711207.689046
RE_002365,393108.255414
RE_014892,375864.823911
RE_002156,209893.768376
RE_007402,1449986.465643
RE_011879,1594024.944685
RE_003366,1911756.192241
RE_002971,783267.844754
RE_009323,574989.064270
RE_001618,348019.957855
RE_001913,487119.257897
RE_012265,661733.743213
RE_016766,480459.226932
RE_001616,457314.123003
RE_001547,410574.541474
RE_015211,2125244.940001
RE_012795,252563.507523
RE_014908,1210255.637362
RE_000233,1226202.144392
RE_011230,219220.608422
RE_009514,899562.122501
RE_017289,733652.595700
RE_013400,487107.238737
RE_001705,1198783.795076
RE_011993,1147787.658448
RE_013489,1104658.278171
RE_003940,468195.149804
RE_017925,1126525.729933
RE_001650,2105135.293385
RE_000897,530173.952177
RE_010100,516340.418150
RE_010919,563893.574522
RE_007628,703971.596127
RE_012982,371716.075375
RE_004782,434836.319244
RE_015954,413991.262246
RE_006568,329540.875319
RE_003145,239183.110651
RE_002867,492584.947234
RE_012133,479324.756588
RE_006453,747582.495990
RE_011271,1380558.346727
RE_018184,410187.317627
RE_000269,357098.855177
RE_010393,378382.265476
RE_002635,559911.315817
RE_008851,829968.235304
RE_012332,489072.616523
RE_015761,1354679.552806
RE_015213,380562.507223
RE_001137,709419.590138
RE_009064,633929.272148
RE_011913,1276116.505919
RE_009046,558979.242861
RE_003385,972490.531428
RE_017534,468399.871805
RE_013900,585317.746545
RE_007783,661117.723046
RE_000672,1118109.652133
RE_017708,555632.690757
RE_018161,522794.017801
RE_016704,434384.483236
RE_012912,1275568.358969
RE_012752,3251615.699551
RE_015697,442971.603480
RE_012168,336400.311168
RE_016491,985732.512777
RE_005773,435707.112492
RE_001126,380404.468635
RE_002555,139771.228860
RE_004997,448425.307468
RE_015395,359583.135184
RE_013905,709836.405762
RE_011026,353177.528216
RE_016576,274035.471603
RE_007844,1068131.831290
RE_009167,1276744.883012
RE_017181,583857.784982
RE_006460,570675.946936
